comment,–ù—Ä–∞–≤–∏—Ç—Å—è —Å–∫–æ—Ä–æ—Å—Ç—å –æ—Ç—Ä–∞–±–æ—Ç–∫–∏ –∑–∞—è–≤–æ–∫,–ù—Ä–∞–≤–∏—Ç—Å—è –∫–∞—á–µ—Å—Ç–≤–æ –≤—ã–ø–æ–ª–Ω–µ–Ω–∏—è –∑–∞—è–≤–∫–∏,–ù—Ä–∞–≤–∏—Ç—Å—è –∫–∞—á–µ—Å—Ç–≤–æ —Ä–∞–±–æ—Ç—ã —Å–æ—Ç—Ä—É–¥–Ω–∏–∫–æ–≤,–ü–æ–Ω—Ä–∞–≤–∏–ª–æ—Å—å –≤—ã–ø–æ–ª–Ω–µ–Ω–∏–µ –∑–∞—è–≤–∫–∏,–í–æ–ø—Ä–æ—Å —Ä–µ—à–µ–Ω,–û—Ç—Ä–∏—Ü–∞—Ç–µ–ª—å–Ω–æ–µ
–±—ã—Å—Ç—Ä–æ ,1,0,0,0,0,0
"–≤—Å–µ –æ—Ç–ª–∏—á–Ω–æ, —Å–ø–∞—Å–∏–±–æ",0,0,0,1,1,0
—Å–ø–∞—Å–∏–±–æ),0,0,0,1,1,0
"–±—ã—Å—Ç—Ä–æ –æ—Ç—Ä–µ–∞–≥–∏—Ä–æ–≤–∞–ª–∏ –Ω–∞ –∑–∞—è–≤–∫—É , —Å—Ä–∞–∑—É —Ä–µ—à–∏–ª–∏ –ø—Ä–æ–±–ª–µ–º—É , —Å–ø–∞—Å–∏–±–æ",1,0,0,0,0,0
"–°—Ä–µ–∞–≥–∏—Ä–æ–≤–∞–ª–∏ –±—ã—Å—Ç—Ä–æ, –±–ª–∞–≥–æ–¥–∞—Ä—é ",1,0,0,0,0,0
"–æ–ø–µ—Ä–∞—Ç–∏–≤–Ω–æ. –µ—â—ë –±—ã –Ω–∞—Å—Ç—Ä–æ–∏–ª–∏ –µ–≥–æ, —á—Ç–æ–± –Ω–µ —Ö–ª–æ–ø–∞–ª–∞ –¥–≤–µ—Ä—å.",0,0,0,0,0,0
–°–ø–∞—Å–∏–±–æ!,0,0,0,1,1,0
"–±—ã–ª–æ –±—ã 5 –∑–≤–µ–∑–¥, –Ω–æ –ø—Ä–∏—à–ª–æ—Å—å –¥–µ–π—Å—Ç–≤–æ–≤–∞—Ç—å —á–µ—Ä–µ–∑ —Ä—É–∫–æ–≤–æ–¥—Å—Ç–≤–æ, –ø–æ—ç—Ç–æ–º—É —á–µ—Ç—ã—Ä–µ. ",0,0,0,0,0,0
–°–ø–∞—Å–∏–±–æ –∑–∞ –ø—Ä–æ—è–≤–ª–µ–Ω–Ω–æ–µ —É—á–∞—Å—Ç–∏–µ –∏ –∏–Ω—Ü–∏–∞—Ç–∏–≤—É.,1,0,0,0,1,0
–æ—Ç–ª–∏—á–Ω–æ!!!! –±—ã—Å—Ç—Ä–æ –æ—Ç—Ä–µ–∞–≥–∏—Ä–æ–≤–∞–ª–∏. –≤—Å—ë —Ä–∞–±–æ—Ç–∞–µ—Ç!!!!!!,0,0,0,0,0,0
—Å–ø–∞—Å–∏–±–æ! ,0,0,0,1,1,0
—Å–ø–∞—Å–∏–±–æ –≤–∞–º –æ–≥—Ä–æ–º–Ω–æ–µ!!!!,0,0,0,0,0,0
—Å–ø–∞—Å–∏–±–æ! –æ—á–µ–Ω—å –ø–æ–º–æ–≥–ª–∏! –æ—Ç–ª–∏—á–Ω—ã–π —Å–∞–Ω—Ç–µ—Ö–Ω–∏–∫,0,0,0,0,0,0
–≤—Å—ë –æ—Ç–ª–∏—á–Ω–æ üëç,0,0,0,0,1,0
–≤—Å–µ –æ–ø–µ—Ä–∞—Ç–∏–≤–Ω–æ. —Å–ø–∞—Å–∏–±–æ,1,0,0,0,1,0
–ø–æ–≤–µ—Ä–∫—É –Ω–µ –ø—Ä–æ–∏–∑–≤–µ–ª–∏,0,0,0,0,0,1
–°–ø–∞—Å–∏–±–æ –±–æ–ª—å—à–æ–µ!,0,0,0,1,1,0
"–∫–∞–∫–æ–π –≥–∞—Ä–∞–Ω—Ç–∏–π–Ω—ã–π –ø–µ—Ä–∏–æ–¥ —É –≤–æ–¥–æ–ø—Ä–æ–≤–æ–¥–Ω–æ–π —Å–∏—Å—Ç–µ–º—ã, –∫–æ—Ç–æ—Ä–∞—è –∑–∞—à–∏—Ç–∞ –≤–Ω—É—Ç—Ä–∏ —Å—Ç–µ–Ω?",0,0,0,0,0,0
—Å–ø–∞—Å–∏–±–æ –±–æ–ª—å—à–æ–µ –∑–∞ –ø–æ–º–æ—â—å –≤ —Ä–µ—à–µ–Ω–∏–∏ –≤–æ–ø—Ä–æ—Å–∞.,0,0,0,0,1,0
–ø–æ—á–∏–Ω–∏–ª–∏ –±—ã—Å—Ç—Ä–æ! —Å–ø–∞—Å–∏–±–æ!,0,0,0,0,0,0
"—Å–ø–∞—Å–∏–±–æ, –æ—á–µ–Ω—å –±—ã—Å—Ç—Ä–æ –≤—Å—ë —Å–¥–µ–ª–∞–ª–∏.",0,0,0,0,0,0
–í–æ—Ç —Ç–µ–ø–µ—Ä—å –≤—Å–µ –¥–∞–Ω–Ω—ã–µ –ø—Ä–∞–≤–∏–ª—å–Ω–æ –≤–Ω–µ—Å–µ–Ω—ã. –°–ø–∞—Å–∏–±–æ.,0,0,0,0,1,0
—Å–ø–∞—Å–∏–±–æ! —Å–ø—É—Å–∫–∞–µ–º –≤–æ–∑–¥—É—Ö —Ä–µ–≥—É–ª—è—Ä–Ω–æ,0,0,0,0,1,0
—Ö–æ—Ä–æ—à–∏–π –º—É–∂—á–∏–Ω–∞ –∫–æ–Ω—Å—É–ª—å—Ç–∏—Ä–æ–≤–∞–ª,0,0,0,0,0,0
–°–ø–∞—Å–∏–±–æ,0,0,0,1,1,0
"–û–≥—Ä–æ–º–Ω–æ–µ —Å–ø–∞—Å–∏–±–æ, –±—ã—Å—Ç—Ä–æ –∏ –∫–∞—á–µ—Å—Ç–≤–µ–Ω–Ω–æ ",1,0,0,0,0,0
"–û—á–µ–Ω—å –±—ã—Å—Ç—Ä–æ, –∫–∞—á–µ—Å—Ç–≤–µ–Ω–Ω–æ. –°–ø–∞—Å–∏–±–æ! ü§ù",1,0,0,0,0,0
–°–ø–∞—Å–∏–±–æ –±–æ–ª—å—à–æ–µ –ú–∞—Ä–∏—èü§ù üëç,0,0,0,0,1,0
–°–ø–∞—Å–∏–±–æ ,0,0,0,1,1,0
–æ–ø–µ—Ä–∞—Ç–∏–≤–Ω–æ  .—Å–ø–∞—Å–∏–±–æ,1,0,0,0,0,0
–∫–∞–∫–æ–π –∞–∫—Ç –≤—ã–ø–æ–ª–Ω–µ–Ω–Ω—ã—Ö —Ä–∞–±–æ—Ç –º—ã –¥–æ–ª–∂–Ω—ã –ø—Ä–µ–¥–æ—Å—Ç–∞–≤–∏—Ç—å?—Ä–µ–º–æ–Ω—Ç –¥–µ–ª–∞–ª–∏ —Å–∞–º–∏....,0,0,0,0,0,0
–≤—Å–µ –≤–µ–∂–ª–∏–≤–æ –∏ –∏–Ω—Ñ–æ—Ä–º–∞—Ç–∏–≤–Ω–æ ‚ù§Ô∏è,0,0,0,0,0,0
"–º–∞—Ä–∏—è –¥–æ–±—Ä–æ–µ —É—Ç—Ä–æ!  –∞–±—Å–æ–ª—é—Ç–Ω–æ –Ω–∏—á–µ–≥–æ –Ω–∞ —ç—Ç–∞–∂–µ –Ω–µ –æ—Ç–º—ã—Ç–æ, —Ö–∏–º–∏–µ–π –Ω–µ —Ä–∞–±–æ—Ç–∞–ª–∏ —ç—Ç–æ –≤–∏–¥–Ω–æ –Ω–∞ —Ñ–æ—Ç–æ, —Ç–∞–∫ –∂–µ –æ—Ç—Å—É—Ç—Å—Ç–≤—É–µ—Ç –∑–∞–ø–∞—Ö. –ø—Ä–æ—à–ª—ã–π —Ä–∞–∑ –∫–æ–≥–¥–∞ –∞–¥–º–∏–Ω–∏—Å—Ç—Ä–∞—Ç–æ—Ä –¥–µ–π—Å—Ç–≤–∏—Ç–µ–ª—å–Ω–æ –æ—Ç–º—ã–≤–∞–ª–∞ –±—ã–ª –∑–∞–ø–∞—Ö —Ö–∏–º–∏–∏ –∏ –ø–ª–∏—Ç–∫–∞ –±—ã–ª–∞ —Ö–æ—Ç—å –∏ –≤ –Ω–µ–±–æ–ª—å—à–∏—Ö –±–µ–ª—ã—Ö –ø—è—Ç–Ω–∞—Ö –Ω–æ –±–µ–∑ —Ä–∞–∑–≤–æ–¥–æ–≤. —Å–µ–π—á–∞—Å –∂–µ —Ç–∞–∫–æ–µ –æ—â—É—â–µ–Ω–∏–µ —á—Ç–æ —Å–Ω–æ–≤–∞ –ø–æ–º—ã–ª–∏ –ø–æ–ª—ã –≥—Ä—è–∑–Ω–æ–π —Ç—Ä—è–ø–∫–æ–π –∏ –≤–æ–¥–æ–π! –ø—Ä–æ—à—É –≤—Å–µ—Ç–∞–∫–∏ —Ä–∞–∑–æ–±—Ä–∞—Ç—å—Å—è –≤ —Å–ª–æ–∂–∏–≤—à–µ–π—Å—è —Å–∏—Ç—É–∞—Ü–∏–∏.",0,0,0,0,0,1
"–ø–æ—Å—ã–ø–∞–ª–∏ –ø–µ—Å–∫–æ–º –Ω–æ –Ω–µ –≤–µ–∑–¥–µ, —É–ø–∞–ª–∞ –Ω–∞ –ø–∞—Ä–∫–æ–≤–∫–µ –∏ —Ä–∞–∑–±–∏–ª–∞ —Ä—É–∫—É",0,0,0,0,0,1
–±–ª–∞–≥–æ–¥–∞—Ä—é –º–µ–Ω–µ–¥–∂–µ—Ä–∞ ,0,0,0,0,1,0
–û–ø–µ—Ä–∞—Ç–∏–≤–Ω–æ ,1,0,0,0,0,0
"–í–∞—É—É, —Å—É–ø–µ—Ä —Å–ø–∞—Å–∏–±–æ",0,0,0,0,1,0
–≤—Å–µ —Ö–æ—Ä–æ—à–æ,0,0,0,0,1,0
"–æ–ø–µ—Ä–∞—Ç–∏–≤–Ω–æ —Ä–∞–∑—Ä–µ—à–∏–ª–∏ –¥–∞–Ω–Ω—É—é –ø—Ä–æ–±–ª–µ–º—É! –Ω–∞–¥–µ—é—Å—å, —á—Ç–æ –±–æ–ª—å—à–µ –≤ –¥–∞–Ω–Ω–æ–º –º–µ—Å—Ç–µ –ø–æ—Å–ª–µ —Å–≤–∞—Ä–∫–∏ –ø—Ä–æ—Ç–µ–∫–∞—Ç—å –Ω–µ –±—É–¥–µ—Ç",0,0,0,0,0,0
–æ—Ç–ª–∏—á–Ω–æ,0,0,0,0,1,0
–±–æ–ª—å—à–æ–µ —Å–ø–∞—Å–∏–±–æ –∑–∞ –æ–ø–µ—Ä–∞—Ç–∏–≤–Ω—ã–π –æ—Ç–≤–µ—Ç,1,0,0,0,1,0
–ú–µ–Ω–µ–¥–∂–µ—Ä—É –ù–∞—Ç–∞–ª—å–µ –∏ –¥–µ–∂—É—Ä–Ω–æ–≥–æ  —Å–∞–Ω—Ç–µ—Ö–Ω–∏–∫—É 09.09.2024  –±–æ–ª—å—à–∞—è –±–ª–∞–≥–æ–¥–∞—Ä–Ω–æ—Å—Ç—å  –∑–∞ –æ–ø–µ—Ä–∞—Ç–∏–≤–Ω–æ–µ —Ä–µ—à–µ–Ω–∏–µ –ø—Ä–æ–±–ª–µ–º—ã. ,0,0,0,0,0,0
"–í–æ–ø—Ä–æ—Å –±—ã–ª —Ä–µ—à–µ–Ω –æ–ø–µ—Ä–∞—Ç–∏–≤–Ω–æ . –°–ø–∞—Å–∏–±–æ –∫–∞–∫ —Å–∞–Ω—Ç–µ—Ö–Ω–∏–∫—É , —Ç–∞–∫ –∏ –º–µ–Ω–µ–¥–∂–µ—Ä—É . –ö —Å–æ–∂–∞–ª–µ–Ω–∏—é –Ω–µ —Å–ø—Ä–æ—Å–∏–ª–∞ –∏–º–µ–Ω–∞ . ",0,0,0,0,0,0
–º–æ–ª–Ω–∏–µ–Ω–æ—Å–Ω–æ),0,0,0,0,0,0
–æ—á–µ–Ω—å –±—ã—Å—Ç—Ä–æ,1,0,0,0,0,0
–¥–∞–Ω–Ω—ã–µ —Ä–∞—Å—á–µ—Ç–∞ –Ω–µ –ø—Ä–µ–¥–æ—Å—Ç–∞–≤–∏–ª–∏.,0,0,0,0,0,1
"–ø–ª–∏—Ç–∫—É —É–ª–æ–∂–∏–ª–∏, –Ω–æ –≤ –¥–æ–∂–¥—å –≤—Å—ë —Ä–∞–≤–Ω–æ —Å–∫–∞–ø–ª–∏–≤–∞–µ—Ç—Å—è –ª—É–∂–∞ :(",0,0,0,0,1,0
–î–æ–±—Ä–æ–≥–æ –¥–Ω—è! –°–ø–∞—Å–∏–±–æ –∑–∞ —Ç–∞–∫–∏—Ö –ü—Ä–µ–∫—Ä–∞—Å–Ω—ã—Ö –°–æ—Ç—Ä—É–¥–Ω–∏–∫–æ–≤! ,0,0,0,0,0,0
–ë–ª–∞–≥–æ–¥–∞—Ä—é! ,0,0,0,0,1,0
"–°–ø–∞—Å–∏–±–æ –±–æ–ª—å—à–æ–µ!
",0,0,0,1,1,0
"–ë–ª–∞–≥–æ–¥–∞—Ä—é, –ø–æ–º–æ–≥–ª–∏, –∞ —Ç–æ –¥–æ –í–∞—Å –Ω–∏–∫—Ç–æ –Ω–µ –º–æ–≥ —Ä–µ—à–∏—Ç—å —ç—Ç—É –ø—Ä–æ–±–ª–µ–º—É, –µ—â–µ —Ä–∞–∑ —Å–ø–∞—Å–∏–±–æ)",0,0,0,0,0,0
"—Å–ø–∞—Å–∏–±–æ –¥–º–∏—Ç—Ä–∏—é. –ø—Ä–∏—à–µ–ª –æ–ø–µ—Ä–∞—Ç–∏–≤–Ω–æ. 
–≤—Å–µ —Å–¥–µ–ª–∞–ª.",0,0,0,0,1,0
–°–ø–∞—Å–∏–±–æ –∑–∞ —Å–≤–æ–µ–≤—Ä–µ–º–µ–Ω–Ω–æ–µ –≤—ã–ø–æ–ª–Ω–µ–Ω–∏–µ –∑–∞—è–≤–∫–∏...,0,0,0,0,0,0
–º–∞—Å—Ç–µ—Ä –º–æ–ª–æ–¥–µ—Ü üëç,0,0,1,0,0,0
—Å–ø–∞—Å–∏–±–æ ,0,0,0,1,1,0
"–í—ã–ø–æ–ª–Ω–∏–ª–∏ –æ—Ç–ª–∏—á–Ω–æ , –æ–±—Ä–∞–±–æ—Ç–∫–∞ –∑–∞—è–≤–∫–∏ –±—ã–ª–∞ —Å–ª–∏—à–∫–æ–º –¥–æ—Ä–æ–≥–æ–π ",0,0,0,0,0,0
"–ø—Ä–æ—Å–∏–ª–∏ —Ä–∞–∑–æ–±—Ä–∞—Ç—å—Å—è –ø–æ —Å—á–µ—Ç—É –∑–∞ –∫–ª–∞–¥–æ–≤–æ–µ –ø–æ–º–µ—â–µ–Ω–∏–µ, –∞ –Ω–µ –∑–∞ –∫–≤–∞—Ä—Ç–∏—Ä—É",0,0,0,0,0,0
—Å–ø–∞—Å–∏–±–æ –∑–∞ –æ–ø–µ—Ä–∞—Ç–∏–≤–Ω–æ–µ —É—Å—Ç—Ä–∞–Ω–µ–Ω–∏–µ –∞–≤–∞—Ä–∏–∏!,0,0,0,0,0,0
"–ø—Ä–æ–±–ª–µ–º–∞ –ø–æ–≤—Ç–æ—Ä—è–µ—Ç—Å—è –æ—á–µ–Ω—å —á–∞—Å—Ç–æ. –≤–æ–ø—Ä–æ—Å –Ω–µ —Ä–µ—à–∞–µ—Ç—Å—è, –Ω–µ —É—Å—Ç—Ä–∞–Ω—è–µ—Ç—Å—è –ø—Ä–∏—á–∏–Ω–∞ –æ—Å—Ç–∞–Ω–æ–≤–∫–∏ –ª–∏—Ñ—Ç–æ–≤ –ø—Ä–∞–∫—Ç–∏—á–µ—Å–∫–∏ –∫–∞–∂–¥—ã–π –¥–µ–Ω—å. –µ–∑–¥–∏—Ç—å –≤ –ª–∏—Ñ—Ç–µ –Ω–µ–±–µ–∑–æ–ø–∞—Å–Ω–æ",0,0,0,0,0,1
—Ä–µ—à–∏–ª–∏ —Å–∞–º–∏,0,0,0,0,0,0
"—à–∏–∫–∞—Ä–Ω—ã–π —Å–∞–Ω—Ç–µ—Ö–Ω–∏–∫. —Å–ø–∞—Å–∏–±–æ! —á–µ—Ä–µ–∑ 10 –º–∏–Ω –ø–æ—Å–ª–µ –∑–∞—è–≤–∫–∏ –ø—Ä–∏—à–µ–ª,—Å—Ä–∞–∑—É –ø–æ–Ω—è–ª –ø—Ä–∏—á–∏–Ω—É ,—É—Å—Ç—Ä–∞–Ω–∏–ª —Å–≤–æ—é –∑–æ–Ω—É –æ—Ç–≤–µ—Ç—Å—Ç–≤–µ–Ω–Ω–æ—Å—Ç–∏-–æ–±—ä—è—Å–Ω–∏–ª ,—á—Ç–æ –º–Ω–µ –Ω–∞–¥–æ —Å–¥–µ–ª–∞—Ç—å —Å–∞–º–æ–π.",0,0,1,0,0,0
–°—É–ø–µ—Ä,0,0,0,0,1,0
"–ü–∞—Ä–Ω–∏ (—É—Å—Ç–∞–Ω–æ–≤—â–∏–∫–∏) –æ—Ç—Ä–∞–±–æ—Ç–∞–ª–∏ –Ω–∞ 5+, –∞ –≤–æ—Ç —É–ø–∞–∫–æ–≤–∫–∞ –Ω–µ –æ—á–µ–Ω—å , —Ç–∫ –Ω–µ –ø–æ–ª–Ω—ã–π –∫–æ–º–ø–ª–µ–∫—Ç —Ñ—É—Ä–Ω–∏—Ç—É—Ä—ã (–æ—Ç—Å—É—Ç—Å—Ç–≤–æ–≤–∞–ª–∏ –≤ –∫–æ–º–ø–ª–µ–∫—Ç–µ –Ω–∏–∂–Ω—è—è –æ—Ç–≤–µ—Ç–∫–∞, –ø—Ä–∏—à–ª–æ—Å—å –∫–æ–ª—Ö–æ–∑–∏—Ç—å –∏ –æ—Ç–ø–∏–ª–∏–≤–∞—Ç—å –∫—É—Å–æ–∫ –æ—Ç —Å—Ç–∞—Ä–æ–π –æ—Ç–≤–µ—Ç–∫–∏, –∞ —Ç–∞–∫–∂–µ —à—É—Ä—É–ø—ã –æ—Ç—Å—É—Ç—Å—Ç–≤–æ–≤–∞–ª–∏)",0,0,0,0,0,1
–≤—Å–µ —Å–¥–µ–ª–∞–ª–∏ –±—ã—Å—Ç—Ä–æ. —Å–ø–∞—Å–∏–±–æ ,0,0,0,0,0,0
–û–≥—Ä–æ–º–Ω–µ–π—à–µ–µ —Å–ø–∞—Å–∏–±–æ –∑–∞ –æ–ø–µ—Ä–∞—Ç–∏–≤–Ω–æ—Å—Ç—å‚ù§Ô∏è,1,0,0,0,0,0
–í—Å–µ –æ—Ç–ª–∏—á–Ω–æ! –°–ø–∞—Å–∏–±–æ.,0,0,0,1,1,0
"–∑–¥—Ä–∞–≤—Å—Ç–≤—É–π—Ç–µ! –Ω–∞ –Ω–∞—à–µ–º 7 —ç—Ç–∞–∂–µ  –Ω–µ—Ç –∑–∞–ø–∞—Ö–∞ –∫—Ä–∞—Å–∫–∏, —Ç–∞–∫ –∫–∞–∫ –¥–≤–µ—Ä—å –∫—Ä–∞—Å–∏–ª–∏ –Ω–∞ –¥—Ä—É–≥–æ–º —ç—Ç–∞–∂–µ. –∑–∞—è–≤–∫–∞ –∫–∞—Å–∞–µ—Ç—Å—è –∑–ª–æ–≤–æ–Ω–∏—è –≥–Ω–∏–ª—å—é –∏ –∫–æ—à–∞—á—å–∏–º —Ç—É–∞–ª–µ—Ç–æ–º. –≤ –≤–æ—Å–∫—Ä–µ—Å–µ–Ω—å–µ, 19 —è–Ω–≤–∞—Ä—è, –∑–∞–ø–∞—Ö –∏—Å—á–µ–∑, –Ω–æ —Å–µ–π—á–∞—Å –æ–Ω —Å–Ω–æ–≤–∞ –ø–æ—è–≤–∏–ª—Å—è. —É—Å–∏–ª–∏–≤–∞–µ—Ç—Å—è –≤–æ–Ω—å –≤–æ–∑–ª–µ –≤–µ–Ω—Ç–∏–ª—è—Ü–∏–∏, —É 26-27 –∫–≤–∞—Ä—Ç–∏—Ä. —Ä–µ—à–∏—Ç–µ, –ø–æ–∂–∞–ª—É–π—Å—Ç–∞, –ø—Ä–æ–±–ª–µ–º—É.",0,0,0,0,0,1
–æ–∫. —Å–ø–∞—Å–∏–±–æ,0,0,0,0,1,0
–û—á–µ–Ω—å –ø—Ä–∏—è—Ç–Ω—ã–π –∏–Ω–∂–µ–Ω–µ—Ä ,0,0,0,0,0,0
"–í—Å—ë –æ–ø–µ—Ä–∞—Ç–∏–≤–Ω–æ,—Å–ø–∞—Å–∏–±–æ!",0,0,0,0,0,0
–°–ø–∞—Å–∏–±–æ! ,0,0,0,1,1,0
–°–ø–∞—Å–∏–±–æ –∑–∞ –ø—Ä—è–º—É—é —Å–≤—è–∑—å —Å–æ —Å–ø–µ—Ü–∏–∞–ª–∏—Å—Ç–æ–º –∫–æ—Ç–æ—Ä—ã–π —Å–º–æ–≥ —É—Å—Ç—Ä–∞–Ω–∏—Ç—å –Ω–µ–∏—Å–ø—Ä–∞–≤–Ω–æ—Å—Ç—å!,0,0,0,0,0,0
—Å–ø–∞—Å–∏–±–æ –∑–∞ –±—ã—Å—Ç—Ä—ã–π –æ—Ç–≤–µ—Ç. –≤—Å–µ –ø–æ–Ω—è—Ç–Ω–æ –æ–±—ä—è—Å–Ω–∏–ª–∏,0,0,0,0,1,0
–°–ø–∞—Å–∏–±–æ ,0,0,0,1,1,0
—Å—É–ø–µ—Ä,0,0,0,0,1,0
—Å—É–ø–µ—Ä —Å–ø–∞—Å–∏–±–æ,0,0,0,0,1,0
"–ú–∞—Å—Ç–µ—Ä –¥–æ—Å—Ç–∞—Ç–æ—á–Ω–æ –±—ã—Å—Ç—Ä–æ —Ä–µ—à–∏–ª –Ω–∞—à –≤–æ–ø—Ä–æ—Å. –ù–∞–¥–æ –±—ã–ª–æ –ø–æ–≤–µ—Ä–Ω—É—Ç—å –Ω–∞–ø—Ä–∞–≤–ª–µ–Ω–∏–µ —Ä–µ–≥—É–ª—è—Ç–æ—Ä–∞ —Ç–µ–º–ø–µ—Ä–∞—Ç—É—Ä—ã –Ω–∞ –±–∞—Ç–∞—Ä–µ–µ –æ—Ç–æ–ø–ª–µ–Ω–∏—è –≤ –¥—Ä—É–≥—É—é —Å—Ç–æ—Ä–æ–Ω—É. –ü–æ—Å–ª–µ –≤—ã–ø–æ–ª–Ω–µ–Ω–∏—è —Ä–∞–±–æ—Ç—ã –∞–∫–∫—É—Ä–∞—Ç–Ω–æ –≤—Å–µ –ø—Ä–æ—Ç–µ—Ä,—á—Ç–æ –ø—Ä–∏—è—Ç–Ω–æ. –ë–æ–ª—å—à–æ–µ —Å–ø–∞—Å–∏–±–æ! ",0,0,0,0,0,0
–≤–æ–ø—Ä–æ—Å —Ä–µ—à–∏–ª–∏ –∑–∞ 5–º–∏–Ω.,0,0,0,0,1,0
—Å–ø–∞—Å–∏–±–æ –æ–≥—Ä–æ–º–Ω–æ–µ –∑–∞ –ø–µ—Ä–µ–ø—Ä–æ–≥—Ä–∞–º–º–∏—Ä–æ–≤–∞–Ω–∏–µ,0,0,0,0,1,0
—Å–ø–∞—Å–∏–±–æ! ,0,0,0,1,1,0
—Å–ø–∞—Å–∏–±–æ ,0,0,0,1,1,0
–ë–ª–∞–≥–æ–¥–∞—Ä—é.,0,0,0,0,1,0
—Å–ø–∞—Å–∏–±–æ. –±—ã—Å—Ç—Ä–æ –∏ –∫–∞—á–µ—Å—Ç–≤–µ–Ω–Ω–æ ,1,0,0,0,0,0
–±–ª–∞–≥–æ–¥–∞—Ä—é,0,0,0,0,1,0
"–ø–æ–º—ã—Ç —Ç–æ–ª—å–∫–æ –ø–æ–ª. –¥–≤–µ—Ä–∏ , –≥–¥–µ –≤—Ö–æ–¥–Ω–∞—è –≥—Ä—É–ø–ø–∞ —Ç–∞–∫ –∏ –≤ –ø—ã–ª–∏ .",0,0,0,0,0,0
"—Ç–æ–ª—å–∫–æ —á–µ—Ä–µ–∑ –∑–∞—è–≤–∫–∏ —Ä–µ—à–∞–µ—Ç—Å—è –≤–æ–ø—Ä–æ—Å, –±–∞—Ç–∞—Ä–µ–∏ —Å—Ç–∞–ª–∏ –≥–æ—Ä—è—á–∏–µ.",0,0,0,0,0,0
–±–æ–ª—å—à–æ–µ –≤–∞–º —Å–ø–∞—Å–∏–±–æ :),0,0,0,0,0,0
"–ø—Ä–∏–µ—Ö–∞–ª–∏ –±—ã—Å—Ç—Ä–æ , –≤—Å—ë —Å–¥–µ–ª–∞–ª–∏ —á—ë—Ç–∫–æ. –±–ª–∞–≥–æ–¥–∞—Ä—é ",0,0,0,0,0,0
–±–ª–∞–≥–æ–¥–∞—Ä—é –≤–∞—Å!!!! —Å–ø–∞—Å–∏–±–æ,0,0,0,0,1,0
—Å–ø–∞—Å–∏–±–æ –±–æ–ª—å—à–æ–µ –∑–∞ –ø–æ–º–æ—â—å,0,0,0,0,1,0
—Å–ø–∞—Å–∏–±–æ –í–∞–º –∑–∞ —Ä–∞–±–æ—Ç—É ,0,0,0,0,0,0
–°–ø–∞—Å–∏–±–æ!,0,0,0,1,1,0
"–ë–ª–∞–≥–æ–¥–∞—Ä–∏–º, –æ—á–µ–Ω—å –æ–ø–µ—Ä–∞—Ç–∏–≤–Ω–æ!",1,0,0,0,0,0
–°–ø–∞—Å–∏–±–æ ,0,0,0,1,1,0
–°–ø–∞—Å–∏–±–æ –∑–∞ –æ–ø–µ—Ä–∞—Ç–∏–≤–Ω–æ—Å—Ç—å. ,1,0,0,0,0,0
"–°–ø–∞—Å–∏–±–æ , –æ–ø–µ—Ä–∞—Ç–∏–≤–Ω–æ –∏ –∫–∞—á–µ—Å—Ç–≤–µ–Ω–Ω–æ ",1,0,0,0,0,0
–û–ø–µ—Ä–∞—Ç–∏–≤–Ω–æ —Ä–µ—à–∏–ª–∞ –ø—Ä–æ–±–ª–µ–º—É),0,0,0,0,0,0
—Å–ø–∞—Å–∏–±–æ –∑–∞ —Ä–µ—à–µ–Ω–∏–µ –ø—Ä–æ–±–ª–µ–º—ã!,0,0,0,0,1,0
—Å–ø–∞—Å–∏–±–æ. —Ä–µ—à–∏–ª–∏ –æ–ø–µ—Ä–∞—Ç–∏–≤–Ω–æ! ,1,0,0,0,1,0
–±—ã—Å—Ç—Ä–æ! –∫–∞—á–µ—Å—Ç–≤–µ–Ω–Ω–æ! —Å–ø–∞—Å–∏–±–æ!,1,0,0,0,0,0
–î–æ–±—Ä—ã–π –¥–µ–Ω—å! –°–ø–∞—Å–∏–±–æ. –í–æ–ø—Ä–æ—Å —Ä–µ—à–µ–Ω. ,0,0,0,0,1,0
—Å–ø–∞—Å–∏–±–æ,0,0,0,1,1,0
"–≤—ã –Ω–µ –æ—Ç–≤–µ—Ç–∏–ª–∏, –≤–Ω–µ—Å–ª–∏ –ª–∏ –≤—ã –∏–∑–º–µ–Ω–µ–Ω–∏—è. –º–µ–Ω—è –≤–æ–ª–Ω—É–µ—Ç –Ω–∞—á–∏—Å–ª–µ–Ω–∏—è —Å —è–Ω–≤–∞—Ä—è 2025 –≥–æ–¥–∞. —è –≤–∞–º –ø—Ä–µ–¥–æ—Å—Ç–∞–≤–∏–ª–∞ –∞–¥—Ä–µ—Å–Ω—É—é —Å–ø—Ä–∞–≤–∫—É –∫–æ—Ç–æ—Ä–∞—è –æ—Ç 03.01.25 –≥–æ–¥–∞, –≤ –∫–æ—Ç–æ—Ä–æ–π –≥–æ–≤–æ—Ä–∏—Ç—å—Å—è —á—Ç–æ –ø—Ä–æ–ø–∏—Å–∞–Ω —Ç–æ–ª—å–∫–æ –æ–¥–∏–Ω —á–µ–ª–æ–≤–µ–∫, —ç—Ç–æ —è. –º–µ–Ω—è –≤–æ–ª–Ω—É–µ—Ç –≤–æ–ø—Ä–æ—Å, –≤–Ω–µ—Å–ª–∏ –ª–∏ –≤—ã –¥–∞–Ω–Ω—ã–µ –æ —Å–Ω—è—Ç–∏–µ —Å —Ä–µ–≥–∏—Å—Ç—Ä–∞—Ü–∏–∏ –º–æ–µ–≥–æ —Å—ã–Ω–∞, —á—Ç–æ–±—ã –∞–≤",0,0,0,0,0,1
–ú–æ–ª–æ–¥—Ü—ã!,0,0,0,0,1,0
–±—ã—Å—Ç—Ä–æ! –∫–∞—á–µ—Å—Ç–≤–µ–Ω–Ω–æ! —Å–ø–∞—Å–∏–±–æ!,1,0,0,0,0,0
—Å–ø–∞—Å–∏–±–æ –±–æ–ª—å—à–æ–µ üòä. —Å —É–≤–∞–∂–µ–Ω–∏–µ–º –µ–≤–≥–µ–Ω–∏–π!),0,0,0,1,1,0
–ë–ª–∞–≥–æ–¥–∞—Ä—é –∑–∞ –æ–ø–µ—Ä–∞—Ç–∏–≤–Ω–æ—Å—Ç—å!,1,0,0,0,0,0
—Å–ø–∞—Å–∏–±–æ –±–æ–ª—å—à–æ–µ –∑–∞ –æ–ø–µ—Ä–∞—Ç–∏–≤–Ω–æ—Å—Ç—å!,1,0,0,0,0,0
"–º–æ–ª–æ–¥—Ü—ã, –æ–ø–µ—Ä–∞—Ç–∏–≤–Ω–æ –≤—Å√´ –ø–æ—á–∏–Ω–∏–ª–∏.",0,0,0,0,0,0
–≤—Å—ë –æ—á–µ–Ω—å –±—ã—Å—Ç—Ä–æ —Å–¥–µ–ª–∞–ª–∏ ,1,0,0,0,0,0
–û–ø–µ—Ä–∞—Ç–∏–≤–Ω–æ. –ü–æ–∫–∞ —Ä–∞–±–æ—Ç–∞–µ—Ç ,0,0,0,0,0,0
–°–ø–∞—Å–∏–±–æ –∑–∞ —Ñ–æ—Ç–æ–æ—Ç—á–µ—Ç,1,0,0,0,1,0
"–Ω–∞–∫–æ–Ω–µ—Ü —Ç–æ —É—Ä–æ–≤–µ–Ω—å —Å–µ—Ä–≤–∏—Å–∞ –¥–æ—à—ë–ª –¥–æ –æ—Ç–º–µ—Ç–∫–∏, –≥–¥–µ —Å–º–æ–≥–ª–∏ —Ä–µ—à–∏—Ç—å —ç—Ç—É –ø—Ä–æ–±–ª–µ–º—É",0,0,0,0,0,0
"–º–∞—Å—Ç–µ—Ä –ø—Ä–∏—à–µ–ª,—É—Å—Ç–∞–Ω–æ–≤–∏–ª –¥–æ–≤–æ–¥—á–∏–∫,–±—ã–ª –¥–æ–±—Ä–æ–∂–µ–ª–∞—Ç–µ–ª–µ–Ω. —Å–ø–∞—Å–∏–±–æ !!!",0,0,0,0,1,0
–°–ø–∞—Å–∏–±–æ –¥–µ–∂—É—Ä–Ω–æ–º—É —Å–∞–Ω—Ç–µ—Ö–Ω–∏–∫—É,0,0,0,0,1,0
—Ö–æ—Ä–æ—à–æ —Ç–æ–ª—å–∫–æ —Ü–≤–µ—Ç –¥—Ä—É–≥–æ–π,0,0,0,0,0,0
–°–ø–∞—Å–∏–±–æ –í–∞–º –±–æ–ª—å—à–æ–µ üåπ,0,0,0,0,0,0
"–≤—Å–µ —Å–¥–µ–ª–∞–ª –±—ã—Å—Ç—Ä–æ, –∫–∞—á–µ—Å—Ç–≤–µ–Ω–Ω–æ.",0,0,0,0,0,0
–ë–æ–ª—å—à–æ–µ —Å–ø–∞—Å–∏–±–æ –∑–∞ —Ä–æ–±–æ—Ç—É.,0,0,0,1,1,0
—Å–ø–∞—Å–∏–±–æ ,0,0,0,1,1,0
"—Ö–æ—Ç—è –±—ã —Å —Ç—Ä–µ—Ç—å–µ–≥–æ —Ä–∞–∑–∞ –ø—Ä–∏—à–ª–∏ –∏ –ø–æ–º–µ–Ω—è–ª–∏ –ª–∏—á–∏–Ω–∫—É, –±–ª–∞–≥–æ–¥–∞—Ä—é",0,0,0,0,0,0
"–≤—ã–ø–æ–ª–Ω–µ–Ω–æ, —Å–ø–∞—Å–∏–±–æ",0,0,0,0,1,0
—Å–ø–∞—Å–∏–±–æ!,0,0,0,1,1,0
–°–ø–∞—Å–∏–±–æ ,0,0,0,1,1,0
"–ø—Ä–æ—Å—å–±–∞ –æ—á–∏—â–∞—Ç—å —Å–≤–æ–µ–≤—Ä–µ–º–µ–Ω–Ω, –Ω–µ –¥–æ–∂–∏–¥–∞—è—Å—å –∑–∞—è–≤–æ–∫",0,0,0,0,0,1
"—Å–ø–∞—Å–∏–±–æ,–æ–ø–µ—Ä–∞—Ç–∏–≤–Ω–æ –æ—Ç—Ä–µ–∞–≥–∏—Ä–æ–≤–∞–ª–∏, –ø–µ—Ä–µ–∫—Ä—ã–ª–∏ –≤–æ–¥—É",1,0,0,0,0,0
–í—Å–µ –±—ã—Å—Ç—Ä–æ –∏ –≤ —Å—Ä–æ–∫. –°–ø–∞—Å–∏–±–æ ,0,0,0,0,1,0
–æ–≥—Ä–æ–º–Ω–æ–µ —Å–ø–∞—Å–∏–±–æ –∑–∞ –æ–ø–µ—Ä–∞—Ç–∏–≤–Ω–æ—Å—Ç—å,1,0,0,0,0,0
"–ú–∞—Å—Ç–µ—Ä –±—ã—Å—Ç—Ä–æ –ø—Ä–∏—à—ë–ª, –±—ã—Å—Ç—Ä–æ –ø–æ–Ω—è–ª –≤ —á–µ–º –ø—Ä–æ–±–ª–µ–º–∞ –∏ –±—ã—Å—Ç—Ä–æ —É—Å—Ç—Ä–∞–Ω–∏–ª –µ—ë, –≤ –æ–±—â–µ–º –≤—Å—ë –æ—Ç–ª–∏—á–Ω–æ, —Å–ø–∞—Å–∏–±–æ ",0,0,0,0,0,0
–¥–∞ –≤—Å–µ –≤–µ—Ä–Ω–æ. —Å–ø–∞—Å–∏–±–æ,0,0,0,0,1,0
–ë—ã–ª–∞ —Ä–∞—Å–ø–µ—á–∞—Ç–∞–Ω–∞ –±—É–º–∞–∂–Ω–∞—è –∫–≤–∏—Ç–∞–Ω—Ü–∏—è.–•–æ—á—É –ø–æ–±–ª–∞–≥–æ–¥–∞—Ä–∏—Ç—å —Ä–∞–±–æ—Ç–Ω–∏–∫–∞ —Ä–∞—Å—á–µ—Ç–Ω–æ–≥–æ –æ—Ç–¥–µ–ª–∞ –∑–∞ —Ä–∞–∑—å—è—Å–Ω–µ–Ω–∏—è –ø–æ –∫–≤–∏—Ç–∞–Ω—Ü–∏–∏ –∏ –∫–∞–∫ –Ω–∞–π—Ç–∏ —ç–ª–µ–∫—Ç—Ä–æ–Ω–Ω—ã–π –≤–∞—Ä–∏–∞–Ω—Ç –∫–≤–∏—Ç–∞–Ω—Ü–∏–∏ –≤ –ø—Ä–∏–ª–æ–∂–µ–Ω–∏–µ –°–∞–º–æ–ª–µ—Ç+–£–ö,0,0,0,0,0,0
—Å–ø–∞—Å–∏–±–æ,0,0,0,1,1,0
–ë–æ–ª—å—à–æ–µ —Å–ø–∞—Å–∏–±–æ –º–∞—Å—Ç–µ—Ä—É üëç,0,0,1,0,0,0
–±–ª–∞–≥–æ–¥–∞—Ä—é!,0,0,0,0,1,0
—Å–ø–∞—Å–∏–±–æ –∑–∞ –æ–ø–µ—Ä–∞—Ç–∏–≤–Ω–æ—Å—Ç—å! –≤—Å–µ –Ω–∞—Å—Ç—Ä–æ–µ–Ω–æ,1,0,0,0,0,0
–í—Å—ë –±—ã—Å—Ç—Ä–æ –∏ –æ–ø–µ—Ä–∞—Ç–∏–≤–Ω–æ!,1,0,0,0,0,0
–±–ª–∞–≥–æ–¥–∞—Ä—é!,0,0,0,0,1,0
–∂–¥—É —Å–ø—Ä–∞–≤–∫—É –æ–± –æ—Ç—Å—É—Ç—Å—Ç–≤–∏–∏ –∑–∞–¥–æ–ª–∂–µ–Ω–Ω–æ—Å—Ç–∏. –ø–æ–∫–∞–∑–∞–Ω–∏—è —Å—á—ë—Ç—á–∏–∫–æ–≤ –ø–µ—Ä–µ–¥–∞–ª–∞,0,0,0,0,0,0
"–æ—á–µ–Ω—å –±—ã—Å—Ç—Ä–æ –æ—Ç—Ä–µ–∞–≥–∏—Ä–æ–≤–∞–ª–∏, –ø—Ä–∏–µ—Ö–∞–ª–∏ –≤ —É–¥–æ–±–Ω–æ–µ –≤—Ä–µ–º—è!",1,0,0,0,0,0
"—Å–ø–∞—Å–∏–±–æ,  –æ—á–µ–Ω—å –æ–ø–µ—Ä–∞—Ç–∏–≤–Ω–æ",1,0,0,0,0,0
–ü—Ä–∏—Ö–æ–¥–∏–ª –º–∞—Å—Ç–µ—Ä –≤—Å–µ –æ—Ç—Ä–µ–≥—É–ª–∏—Ä–æ–≤–∞–ª –±–æ–ª—å—à–æ–µ —Å–ø–∞—Å–∏–±–æ ,0,0,1,0,1,0
–≤—Å–µ –æ—Ç–ª–∏—á–Ω–æ! –≤—ã—è–≤–∏–ª–∏ –ø—Ä–æ–±–ª–µ–º—É.,0,0,0,0,1,0
–û—á–µ–Ω—å –±—ã—Å—Ç—Ä–æ,1,0,0,0,0,0
–º–∞—Å—Ç–µ—Ä —Å—É–ø–µ—Ä! —Å–ø–∞—Å–∏–±–æ –æ–≥—Ä–æ–º–Ω–æ–µ!,0,0,0,0,1,0
–°—É–ø–µ—Ä!!!!,0,0,0,0,1,0
—Å–ø–∞—Å–∏–±–æ –æ–≥—Ä–æ–º–Ω–æ–µ!,0,0,0,0,1,0
–°–ø–∞—Å–∏–±–æ –∑–∞ –æ–ø–µ—Ä–∞—Ç–∏–≤–Ω–æ—Å—Ç—å,1,0,0,0,0,0
–¥–≤–µ—Ä—å –∏—Å–ø—Ä–∞–≤–Ω–∞,0,0,0,0,0,0
"–æ—Ç–ª–∏—á–Ω–∞—è —Ñ—É–Ω–∫—Ü–∏—è, —Å–ø–∞—Å–∏–±–æ ",0,0,0,0,1,0
–æ–ø–µ—Ä–∞—Ç–∏–≤–Ω–æ,1,0,0,0,0,0
"–í—Å–µ —Å—É–ø–µ—Ä, –ú–∞—Å—Ç–µ—Ä üëç",0,0,1,0,0,0
—Å–ø–∞—Å–∏–±–æ. –∑–∞–º–µ–Ω–∏–ª–∏ –ª–∞–º–ø—É,0,0,0,0,1,0
—Å–ø–∞—Å–∏–±–æ —Å—Ç–∞–Ω–∏—Å–ª–∞–≤—É –±–æ–ª—å—à–æ–µ!),0,0,0,1,1,0
"–æ—Ç–≤–µ—Ç–∏–ª–∏ –±—ã—Å—Ç—Ä–æ, –Ω–æ —É–≤—ã –Ω–∏—á–µ–≥–æ –Ω–µ —Å–º–æ–≥—É—Ç —Å–¥–µ–ª–∞—Ç—å.",0,0,0,0,0,0
—Å–ø–∞—Å–∏–±–æ!,0,0,0,1,1,0
–ö–æ–º–æ–¥ —É–±—Ä–∞–Ω. –ë–æ–ª—å—à–æ–µ —Å–ø–∞—Å–∏–±–æ –∑–∞ –æ–ø–µ—Ä–∞—Ç–∏–≤–Ω–æ–µ —Ä–µ—à–µ–Ω–∏–µ,0,0,0,0,1,0
"–±—ã–ª–æ –±—ã —É–¥–æ–±–Ω–µ–µ, –µ—Å–ª–∏ —Å—Ä–∞–∑—É –¥–∞–ª–∏ —Å—Å—ã–ª–∫—É –∏–ª–∏ –Ω–∞–∑–≤–∞–Ω–∏–µ —Ä–∞–∑–¥–µ–ª–∞, –≥–¥–µ —ç—Ç—É –∑–∞—è–≤–∫—É –æ—Ñ–æ—Ä–º–∏—Ç—å. –ø–æ—Ç–æ–º—É —á—Ç–æ –≤ –ø—Ä–∏–ª–æ–∂–µ–Ω–∏–∏ –æ—á–µ–Ω—å –Ω–µ—É–¥–æ–±–Ω–æ –∏—Å–∫–∞—Ç—å, –≥–¥–µ –ø–æ–¥–∞—Ç—å —ç—Ç—É –∑–∞—è–≤–∫—É. —á—ë—Ä—Ç –Ω–æ–≥—É —Å–ª–æ–º–∏—Ç",0,0,0,0,0,0
"–¥–æ–ª–≥–æ, –Ω–æ –ø—Ä–∏—è—Ç–Ω–æ",0,0,0,0,1,0
–í—Å–µ –æ–ø–µ—Ä–∞—Ç–∏–≤–Ω–æ –∏ –∫–∞—á–µ—Å—Ç–≤–µ–Ω–Ω–æ!,1,0,0,0,1,0
–±–ª–∞–≥–æ–¥–∞—Ä—é,0,0,0,0,1,0
"–°–ø–∞—Å–∏–±–æ —Å–æ—Ç—Ä—É–¥–Ω–∏–∫—É —É–∫ –ù–∏–∫–∏—Ç–∞, –±–ª–∞–≥–æ–¥–∞—Ä—è –µ–º—É –Ω–∞–º –Ω–æ—Ä–º–∞–ª—å–Ω–æ  –ø–æ–º—ã–ª–∏  —ç—Ç–∞–∂, —Å–ø–∞—Å–∏–±–æ –±–æ–ª—å—à–æ–µ",0,0,0,0,0,0
"–≤—Å—ë —Å—É–ø–µ—Ä, –≤–æ–ø—Ä–æ—Å —Ä–µ—à—ë–Ω –±—ã—Å—Ç—Ä–æ)",0,0,0,0,1,0
"–ë–ª–∞–≥–æ–¥–∞—Ä—é –∑–∞ –æ–±—Ä–∞—Ç–Ω—É—é —Å–≤—è–∑—å. 
–ó–∞ –≤–æ–∑–º–æ–∂–Ω–æ—Å—Ç—å –¥–æ–±–∞–≤–∏—Ç—å –Ω–µ–æ–±—Ö–æ–¥–∏–º—ã–π –¥–æ–∫—É–º–µ–Ω—Ç –≤ –õ–ö –ø—Ä–∏–ª–æ–∂–µ–Ω–∏—è –∏ —Ç–µ–º —Å–∞–º—ã–º —Ä–µ—à–∏—Ç—å –≤–æ–ø—Ä–æ—Å, –Ω–µ –ø–æ—Å–µ—â–∞—è –∫–ª–∏–µ–Ω—Ç—Å–∫–∏–π –æ—Ñ–∏—Å. 
–ü—Ä–∏ –∑–≤–æ–Ω–∫–µ –±—ã–ª–æ –≤–µ–∂–ª–∏–≤–æ–µ, –¥–æ–±—Ä–æ–∂–µ–ª–∞—Ç–µ–ª—å–Ω–æ–µ –æ—Ç–Ω–æ—à–µ–Ω–∏–µ. ",0,0,0,0,0,0
"–æ–ø–µ—Ä–∞—Ç–∏–≤–Ω–æ,  –∫–∞—á–µ—Å—Ç–≤–µ–Ω–Ω–æ! —Å–ø–∞—Å–∏–±–æ!",1,0,0,0,1,0
—Å–ø–∞—Å–∏–±–æ –±–æ–ª—å—à–æ–µ –≤—Å—ë –∏–¥–µ–∞–ª—å–Ω–æ,0,0,0,0,1,0
"—Å–ø–∞—Å–∏–±–æ, –º–∞—Å—Ç–µ—Ä –ø—Ä–∏—à—ë–ª –æ—á–µ–Ω—å –±—ã—Å—Ç—Ä–æ.",0,0,0,0,0,0
–í–æ–ø—Ä–æ—Å –±—ã–ª —Ä–µ—à–µ–Ω –æ–ø–µ—Ä–∞—Ç–∏–≤–Ω–æ) —Å–ø–∞—Å–∏–±–æ –±–æ–ª—å—à–æ–µ!,0,0,0,0,1,0
–î–æ–±—Ä—ã–π –¥–µ–Ω—å! –í–æ–ø—Ä–æ—Å —Ä–µ—à–µ–Ω –æ—á–µ–Ω—å –±—ã—Å—Ç—Ä–æ! –ë–ª–∞–≥–æ–¥–∞—Ä—é –∑–∞ —Ä–∞–±–æ—Ç—É –∏ –æ–ø–µ—Ä–∞—Ç–∏–≤–Ω–æ—Å—Ç—å),0,0,0,0,0,0
"–≤—Å–µ –æ–ø–µ—Ä–∞—Ç–∏–≤–Ω–æ, –±—ã—Å—Ç—Ä–æ, —Å–ø–∞—Å–∏–±–æ! ",1,0,0,0,1,0
"–≤—Å–µ –æ—Ç–ª–∏—á–Ω–æ, –±–æ–ª—å—à–æ–µ —Å–ø–∞—Å–∏–±–æ!",0,0,0,1,1,0
–ö–Ω–æ–ø–∫–∏ –≤—Å–µ –≤—ã–≤–∞–ª–∏–≤–∞—é—Ç—Å—è,0,0,0,0,1,0
–±–ª–∞–≥–æ–¥–∞—Ä—é!,0,0,0,0,1,0
—Å–ø–∞—Å–∏–±–æ –±–æ–ª—å—à–æ–µ —Å–ø–µ—Ü–∏–∞–ª–∏—Å—Ç–∞–º.,0,0,0,0,1,0
"–±—ã—Å—Ç—Ä–æ, –∫–∞—á–µ—Å—Ç–≤–µ–Ω–Ω–æ",1,1,0,0,0,0
"–±–ª–∞–≥–æ–¥–∞—Ä—é, –≤—Å–µ–≥–æ –¥–æ–±—Ä–æ–≥–æ!",0,0,0,0,1,0
"–æ–ø–µ—Ä–∞—Ç–∏–≤–Ω–æ. —Å–ø–∞—Å–∏–±–æ, —á—Ç–æ –Ω–µ –∑–∞—Å—Ç–∞–≤–∏–ª–∏ –∂–¥–∞—Ç—å –æ–∫–æ–Ω—á–∞–Ω–∏—è –ø—Ä–∞–∑–¥–Ω–∏–∫–æ–≤. —Å –Ω–æ–≤—ã–º –≥–æ–¥–æ–º",0,0,0,0,0,0
–ø—Ä–æ–±–ª–µ–º–∞ –Ω–µ —É—Å—Ç—Ä–∞–Ω–µ–Ω–∞!!!!,0,0,0,0,0,1
—Å–ø–∞—Å–∏–±–æ –±–æ–ª—å—à–æ–µ –≤–∞–º –∑–∞ –∫–∞—á–µ—Å—Ç–≤–µ–Ω–Ω—É—é —Ä–∞–±–æ—Ç—É.,0,0,0,0,0,0
–æ–ø–µ—Ä–∞—Ç–∏–≤–Ω–æ —É—Å—Ç—Ä–∞–Ω–∏–ª–∏ –ø—Ä–æ–±–ª–µ–º—É. –≤–µ–∂–ª–∏–≤—ã–π –º–∞—Å—Ç–µ—Ä. –≤—Å–µ —á—ë—Ç–∫–æ –∏ –ø–æ –¥–µ–ª—É! —Å–ø–∞—Å–∏–±–æ,0,0,0,0,0,0
–°–ø–∞—Å–∏–±–æ ,0,0,0,1,1,0
–°–ø–∞—Å–∏–±–æ –±–æ–ª—å—à–æ–µ –∑–∞ –æ–ø–µ—Ä–∞—Ç–∏–≤–Ω—ã–π –æ—Ç–≤–µ—Ç ,1,0,0,0,1,0
–°–ø–∞—Å–∏–±–æ ,0,0,0,1,1,0
–°–ø–∞—Å–∏–±–æ!,0,0,0,1,1,0
"—Å–ø–∞—Å–∏–±–æ –º–∞—Å—Ç–µ—Ä—É, –ø–æ—á–∏–Ω–∏–ª –≤—Å—ë –±—ã—Å—Ç—Ä–æ –∏ –ø—Ä–æ—Ñ–µ—Å—Å–∏–æ–Ω–∞–ª—å–Ω–æ,  –ø–æ—Å—Ç–∞–≤–∏–ª –Ω–æ–≤—ã–π –¥–æ–≤–æ–¥—á–∏–∫. –¥–≤–µ—Ä—å —Ç–µ–ø–µ—Ä—å –∑–∞–∫—Ä—ã–≤–∞–µ—Ç—Å—è, —Ç–µ–ø–ª–æ–ø–æ—Ç–µ—Ä—å –Ω–µ—Ç.",0,0,0,0,0,0
–±—ã—Å—Ç—Ä–æ üëçüèª,1,0,0,0,0,0
"—Å–ø–µ—Ü–∏–∞–ª–∏—Å—Ç –ø–µ—Ä–µ–∑–≤–æ–Ω–∏–ª, –≤—Å—ë —Ä–∞–∑—ä—è—Å–Ω–∏–ª–∏.",0,0,0,0,0,0
—Å–ø–∞—Å–∏–±–æ –∑–∞ –æ–ø–µ—Ä–∞—Ç–∏–≤–Ω—ã–π –æ—Ç–≤–µ—Çüòäüëç,1,0,0,0,1,0
–û–ø–µ—Ä–∞—Ç–∏–≤–Ω–æ–µ —Ä–µ—à–µ–Ω–∏–µ! –°–ø–∞—Å–∏–±–æ),0,0,0,0,1,0
"—Å–ø–∞—Å–∏–±–æ –∑–∞ –æ–±—Ä–∞—Ç–Ω—É—é —Å–≤—è–∑—å,–Ω–∞–¥–µ—é—Å—å –≤ –ø—Ä–∏–ª–æ–∂–µ–Ω–∏–∏ –∏–Ω—Ñ–æ—Ä–º–∞—Ü–∏—è –æ–±–Ω–æ–≤–∏—Ç—å—Å—è,—á—Ç–æ –æ–ø–ª–∞—Ç–∞ –ø—Ä–æ—à–ª–∞.


",0,0,0,0,0,0
—Å–ø–∞—Å–∏–±–æ –≤–∞–º,0,0,0,0,0,0
–°–ø–∞—Å–∏–±–æ –±–æ–ª—å—à–æ–µ üåπ,0,0,0,1,1,0
—Å–ø–∞—Å–∏–±–æ –æ–≥—Ä–æ–º–Ω–æ–µ –∑–∞ –ø–æ–Ω–∏–º–∞–Ω–∏–µ!,0,0,0,0,1,0
–ú–∞—Å—Ç–µ—Ä –Ω–∞ –≤—Å–µ —Ä—É–∫–∏! –°–ø–∞—Å–∏–±–æ –±–æ–ª—å—à–æ–µ üëçüëçüëç,0,0,0,0,0,0
—Å–ø–∞—Å–∏–±–æ!,0,0,0,1,1,0
"–≠–ª–µ–∫—Ç—Ä–∏–∫ –ø—Ä–∏—à–µ–ª, –≤—Å–µ –ø—Ä–æ–≤–µ—Ä–∏–ª –∏ –Ω–∞–º –æ–±—ä—è—Å–Ω–∏–ª –≤—Å–µ. –°–ø–∞—Å–∏–±–æ –±–æ–ª—å—à–æ–µ! ",0,0,0,0,1,0
–ë—ã—Å—Ç—Ä–æ,1,0,0,0,0,0
–°–ø–∞—Å–∏–±–æ –∑–∞ –≤—ã–ø–æ–ª–Ω–µ–Ω–Ω—É—é —Ä–∞–±–æ—Ç—É!,0,0,0,0,1,0
–°–ø–∞—Å–∏–±–æ –±–æ–ª—å—à–æ–µ –∑–∞ –æ–ø–µ—Ä–∞—Ç–∏–≤–Ω–æ—Å—Ç—å –∏ –∫–∞—á–µ—Å—Ç–≤–æ!‚ù§,1,0,0,0,0,0
"—Å–ø–∞—Å–∏–±–æ –±–æ–ª—å—à–æ–µ —á—Ç–æ —É—Å–ª—ã—à–∞–ª–∏, —É–±—Ä–∞–ª–∏ –≤–æ–∑–ª–µ 38/1 –º—É—Å–æ—Ä.—Ç–µ–ø–µ—Ä—å —Ö–æ—Ç—å —Ä—è–¥–æ–º —Å –±–∞–Ω–∫–∞–º–∏ –±—Ä–æ—Å–∞—Ç—å –Ω–µ –±—É–¥—É—Ç –ª—é–¥–∏ –º—É—Å–æ—Ä!",0,0,0,0,1,0
"—Å—É–º–º–∞, –∫–æ—Ç–æ—Ä—É—é —è –¥–æ–ª–∂–Ω–∞ –∑–∞–ø–ª–∞—Ç–∏—Ç—å –∑–∞ –∫–æ–º–º—É–Ω–∞–ª—å–Ω—ã–µ —É—Å–ª—É–≥–∏ —Å–æ—Ö—Ä–∞–Ω–∏–ª–∞—Å—å (34 384,14 —Ä—É–±–ª–µ–π). –∫–æ–≥–¥–∞ –¥–∞–Ω–Ω–∞—è —Å—É–º–º–∞ —É–º–µ–Ω—å—à–∏—Ç—Å—è –Ω–∞ –ø–µ—Ä–µ–Ω–µ—Å–µ–Ω–Ω—É—é (7 413,53 —Ä—É–±–ª–µ–π)–∏",0,0,0,0,0,0
"–Ω–µ –¥–æ–¥–µ–ª–∞–ª–∏ —Ä–∞–±–æ—Ç—É –¥–æ –∫–æ–Ω—Ü–∞, —É—à–ª–∏, –ø–æ–∫–∞ —Ç—Ä—É–¥–Ω–æ –æ—Ü–µ–Ω–∏—Ç—å,—É—Å—Ç—Ä–∞–Ω–∏–ª–∏ –ª–∏ –ø—Ä–∏—á–∏–Ω—É –ø—Ä–æ—Ç–µ—á–∫–∏.",0,0,0,0,0,0
—Å–ø–∞—Å–∏–±–æ –∑–∞ –∫–æ–Ω—Å—É–ª—å—Ç–∞—Ü–∏—é,0,0,0,0,1,0
"–ª–∏—Ñ—Ç –Ω–µ —Ä–∞–±–æ—Ç–∞–µ—Ç, –∫–Ω–æ–ø–∫–∏ –Ω–µ –∞–∫—Ç–∏–≤–Ω—ã",0,0,0,0,0,1
—Å–ø–∞—Å–∏–±–æ –∑–∞ –æ–ø–µ—Ä–∞—Ç–∏–≤–Ω–æ—Å—Ç—å!,1,0,0,0,0,0
"–ü—Ä–æ–±–ª–µ–º—É —É—Å—Ç—Ä–∞–Ω–∏–ª–∏, –Ω–æ –Ω–µ —Å–æ–æ–±—â–∏–ª–∏ –ø–æ –∑–∞–ø—Ä–æ—Å—É, —Å–∫–æ–ª—å–∫–æ –ø–æ—Ç—Ä–µ–±—É–µ—Ç—Å—è –≤—Ä–µ–º–µ–Ω–∏ –Ω–∞ –µ—ë —Ä–µ—à–µ–Ω–∏–µ",0,0,0,0,0,0
"—ç–ª–µ–∫—Ç—Ä–∏–∫ —Å–º–æ–≥ –Ω–∞—Å—Ç—Ä–æ–∏—Ç—å —Å–≤–µ—Ç –≤ –∫–æ—Ä–∏–¥–æ—Ä–µ —É–¥–∞–ª–µ–Ω–Ω–æ. —Å –ø–æ–º–æ—â—å—é –æ—Ç–∫–ª—é—á–µ–Ω–∏—è —ç–ª–µ–∫—Ç—Ä–∏—á–µ—Å—Ç–≤–∞ –≤ –∫–≤–∞—Ä—Ç–∏—Ä–µ. –ø—Ä–∞–≤–¥–∞, –ø–æ—Å–ª–µ —ç—Ç–æ–≥–æ —Å–Ω–æ–≤–∞ –æ—Ç–≤–∞–ª–∏–ª—Å—è –∏–Ω—Ç–µ—Ä–Ω–µ—Ç –∏ —Å–Ω–æ–≤–∞ –≤ –ø—è—Ç–Ω–∏—Ü—É –ø—Ä–∏–¥–µ—Ç –º–æ–Ω—Ç–∞–∂–Ω–∏–∫ –Ω–∞—Å—Ç—Ä–∞–∏–≤–∞—Ç—å —Ä–æ—É—Ç–µ—Ä. –∞ –ø–æ—Å–ª–µ –ø—Ä–æ—à–ª–æ–≥–æ –ø–æ—Å–µ—â–µ–Ω–∏—è –º–æ–Ω—Ç–∞–∂–Ω–∏–∫–∞ —Å–≤–µ—Ç –≤ –∫–æ—Ä–∏–¥–æ—Ä–µ –∏ –∑–∞–∫–æ–Ω—á–∏–ª—Å—è...",0,0,0,0,0,0
–ö–æ–Ω—Å—É–ª—å—Ç–∞—Ü–∏—è –±—ã–ª–∞ –ø—Ä–æ–≤–µ–¥–µ–Ω–∞ –ø—Ä–æ—Ñ–µ—Å—Å–∏–æ–Ω–∞–ª—å–Ω–æ. –°–ø–∞—Å–∏–±–æ –∑–∞ —Ä–∞–∑—ä—è—Å–Ω–µ–Ω–∏—è –∏ —Ä–µ–∫–æ–º–µ–Ω–¥–∞—Ü–∏–∏,0,0,0,0,0,0
—Å–ø–∞—Å–∏–±–æ,0,0,0,1,1,0
—Å–º–æ—Ç—Ä–∏—Ç–µ —Å–æ–æ–±—â–µ–Ω–∏—è –æ—Ç 23.09.24 –æ –ø–æ–≤–µ—Ä–∫–µ —Å—á–µ—Ç—á–∏–∫–æ–≤. –≤—ã –∂–µ –º–Ω–µ –∏ –ø—Ä–µ–¥–ª–∞–≥–∞–ª–∏. –≤–æ—Ç –∞–∫—Ç —É –≤–∞—Å –µ—Å—Ç—å. —Ç–∞–∫ —Å —á–µ–≥–æ –º–Ω–µ –Ω–∞—á–∏—Å–ª—è–µ—Ç—Å—è –æ—Ç–æ–ø–ª–µ–Ω–∏–µ –Ω–µ –ø–æ —Å—á–µ—Ç—á–∏–∫—É?!,0,0,0,0,0,1
—Å–ø–∞—Å–∏–±–æ –∑–∞ –æ–ø–µ—Ä–∞—Ç–∏–≤–Ω–æ—Å—Ç—å!,1,0,0,0,0,0
—Å–ø–∞—Å–∏–±–æ,0,0,0,1,1,0
—Å—É–ø–µ—Ä!,0,0,0,0,1,0
—Å–ø–∞—Å–∏–±–æ ,0,0,0,1,1,0
"–ó–¥—Ä–∞–≤—Å—Ç–≤—É–π—Ç–µ! –ë–æ–ª—å—à–æ–µ —Å–ø–∞—Å–∏–±–æ –¥–µ–∂—É—Ä–Ω–æ–º—É –¥–∏—Å–ø–µ—Ç—á–µ—Ä—É-–ø–µ—Ä–µ–∑–≤–æ–Ω–∏–ª –≤ —Ç–µ—á–µ–Ω–∏–µ 5 –º–∏–Ω—É—Ç –æ—Ç –ø–æ–¥–∞—á–∏ –∑–∞—è–≤–∫–∏. –ë–ª–∞–≥–æ–¥–∞—Ä—é –∑–∞ —Å–æ—Ç—Ä—É–¥–Ω–∏—á–µ—Å—Ç–≤–æ! –° —É–≤–∞–∂–µ–Ω–∏–µ–º, –Æ. –ü. ",0,0,0,0,0,0
–∑–≤–æ–Ω–∫–∏ –Ω–µ –ø–æ—Å—Ç—É–ø–∞—é—Ç –ø—Ä–∏ –∑–≤–æ–Ω–∫–µ,0,0,0,0,0,1
–æ—Ç–ª–∏—á–Ω–æ. —Å–ø–∞—Å–∏–±–æ –±–æ–ª—å—à–æ–µ. —á–µ—Ç–∫–æ –∏ –±—ã—Å—Ç—Ä–æ.,0,0,0,1,1,0
–ø–æ—á–∏–Ω–∏–ª–∏,0,0,0,0,0,0
–°–ø–∞—Å–∏–±–æ –±–æ–ª—å—à–æ–µ –∑–∞ –æ–ø–µ—Ä–∞—Ç–∏–≤–Ω–æ—Å—Ç—å üôåüèªüå∏,1,0,0,0,0,0
—Å–ø–∞—Å–∏–±–æ,0,0,0,1,1,0
–°–ø–∞—Å–∏–±–æ –∑–∞ –æ–ø–µ—Ä–∞—Ç–∏–≤–Ω–æ–µ —Ä–µ—à–µ–Ω–∏–µ –≤–æ–ø—Ä–æ—Å–∞! ,0,0,0,0,1,0
–≤—Å–µ –ø—Ä–µ–∫—Ä–∞—Å–Ω–æ —Å–ø–∞—Å–∏–±–æ,0,0,0,0,1,0
"–û—Ç–ª–∏—á–Ω–æ, —Å–ø–∞—Å–∏–±–æ –±–æ–ª—å—à–æ–µ ",0,0,0,1,1,0
"—Å–ø–∞—Å–∏–±–æ, –ø—Ä–æ–±–ª–µ–º–∞ –±—ã–ª–∞ —Ä–µ—à–µ–Ω–∞",0,0,0,0,1,0
–°–ø–∞—Å–∏–±–æ –∑–∞ –æ–ø–µ—Ä–∞—Ç–∏–≤–Ω–æ—Å—Ç—å. –ü–æ—Å–ª–µ —É–∫–ª–∞–¥–∫–∏ –ø–ª–∏—Ç–∫–∏ –æ—Å—Ç–∞–ª–∏—Å—å –Ω–µ–∑–∞–¥–µ–ª–∞–Ω–Ω—ã–µ —à–≤—ã –Ω–∞ —Å—Ç—ã–∫–µ. –î–ª—è —Å—Ä–∞–≤–Ω–µ–Ω–∏—è –Ω–∞ 1 —ç—Ç–∞–∂–µ –≤ —Ö–æ–ª–ª–µ —à–≤—ã —Ä–æ–≤–Ω–æ –∑–∞–∫—Ä—ã—Ç—ã. –ü—Ä–æ—Å—å–±–∞ –∑–∞–≤–µ—Ä—à–∏—Ç—å —Ä–∞–±–æ—Ç—É –¥–æ –∫–æ–Ω—Ü–∞. ,0,0,0,0,0,0
–¥–≤–∞ –¥–Ω—è –º—É—Å–æ—Ä–æ–ø—Ä–æ–≤–æ–¥. —Å–µ–≥–æ–¥–Ω—è —Å —É—Ç—Ä–∞ —Ç–æ–∂–µ,0,0,0,0,0,0
–í—Å–µ –±—ã—Å—Ç—Ä–æ –∏ –æ–ø–µ—Ä–∞—Ç–∏–≤–Ω–æ. –°–ø–∞—Å–∏–±–æ ,1,0,0,0,0,0
–ú–≥–Ω–æ–≤–µ–Ω–Ω–æ. –°–ø–∞—Å–∏–±–æ,0,0,0,0,1,0
"–Ω–∞ –º–æ—é –ø—Ä–æ—Å—å–±—É –±—ã—Å—Ç—Ä–æ –æ—Ç—Ä–µ–∞–≥–∏—Ä–æ–≤–∞–ª–∏, –ø–æ–∑–≤–æ–Ω–∏–ª–∏ –∏ –±—ã—Å—Ç—Ä–æ —Ä–µ—à–∏–ª–∏ –ø—Ä–æ–±–ª–µ–º—É",1,0,0,0,0,0
–°–ø–∞—Å–∏–±–æ –¢–∞—Ç—å—è–Ω–µ!) –ë—ã—Å—Ç—Ä–æ –∏ –ø–æ–Ω—è—Ç–Ω–æ –≤—Å–µ –æ–±—ä—è—Å–Ω–∏–ª–∞!),0,0,0,0,1,0
—Å–ø–∞—Å–∏–±–æ! –æ–ø–µ—Ä–∞—Ç–∏–≤–Ω–æ –≤—Å–µ –ø–æ—á–∏–Ω–∏–ª–∏,0,0,0,0,0,0
"–í—Å–µ, —Ä–µ—à–∏–ª–∏ –æ–ø–µ—Ä–∞—Ç–∏–≤–Ω–æ ",1,0,0,0,1,0
"–¥–æ–±—Ä—ã–π –¥–µ–Ω—å! –ø—Ä–æ—à—É —É–∫–∞–∑–∞—Ç—å —Å—Ä–æ–∫–∏ –Ω–∞—Å—Ç—Ä–æ–π–∫–∏ —Å–∏—Å—Ç–µ–º—ã –∞—Å–∫—É—ç. –ø–æ–∫–∞ —Å–∏—Å—Ç–µ–º–∞ –Ω–µ —Ä–∞–±–æ—Ç–∞–µ—Ç, –ø–æ–∫–∞–∑–∞–Ω–∏—è –∫–æ—Ç–æ—Ä—ã–µ –ø–µ—Ä–µ–¥–∞–µ–º –≤—Ä—É—á–Ω—É—é –Ω–µ —É—á–∏—Ç—ã–≤–∞—é—Ç—Å—è?",0,0,0,0,0,1
"–¥–∞ –æ—Ç–∫—Ä—ã–ª–∞ —Å–ø–∞—Å–∏–±–æ
",0,0,0,0,1,0
–í—Å–µ —Ä–µ—à–∏–ª–∏! –ü–µ—Ä–µ–∑–≤–æ–Ω–∏–ª–∏ . –°–ø–∞—Å–∏–±–æ ,0,0,0,0,1,0
–±—ã—Å—Ç—Ä–æ –∏ —á–µ—Ç–∫–æ,1,0,0,0,0,0
–Ω–µ–≤–µ—Ä–Ω—ã–π –ª–æ–≥–∏–Ω –ø–∞—Ä–æ–ª—å,0,0,0,0,0,0
–°–ø–∞—Å–∏–±–æ!,0,0,0,1,1,0
—Å–ø–∞—Å–∏–±–æ,0,0,0,1,1,0
—Å–ø–∞—Å–∏–±–æ. –ø—Ä–æ—à—É –∑–∞–≥—Ä—É–∂–∞—Ç—å –∫–≤–∏—Ç–∞–Ω—Ü–∏–∏ –≤ –ª–∏—á–Ω—ã–π –∫–∞–±–∏–Ω–µ—Ç –±–µ–∑ –¥–æ–ø–æ–ª–Ω–∏—Ç–µ–ª—å–Ω—ã—Ö –∑–∞–ø—Ä–æ—Å–æ–≤.,0,0,0,0,0,0
–°–ø–∞—Å–∏–±–æ –±–æ–ª—å—à–æ–µ –≤—Å—ë —Ä–µ—à–∏–ª–∏ –±—ã—Å—Ç—Ä–æ!,0,0,0,0,1,0
–û–≥—Ä–æ–º–Ω–æ–µ —Å–ø–∞—Å–∏–±–æ –≤–∞–º –æ—Ç –≤—Å–µ–≥–æ –ø–æ–¥—ä–µ–∑–¥–∞!!!   ))))),0,0,0,0,0,0
–æ–ø–µ—Ä–∞—Ç–∏–≤–Ω–æ –∏ –∫–∞—á–µ—Å—Ç–≤–µ–Ω–Ω–æ. —Å–ø–∞—Å–∏–±–æ ,1,0,0,0,1,0
"–ø—Ä–æ–±–ª–µ–º–∞ –Ω–µ —Ä–µ—à–µ–Ω–∞,–Ω–æ –¥–∞–Ω—ã –∏—Å—á–µ—Ä–ø—ã–≤–∞—é—â–∏–µ —Ä–∞–∑—ä—è—Å–Ω–µ–Ω–∏—è –∏ —Ä–µ–∫–æ–º–µ–µ–¥–∞—Ü–∏–∏",0,0,0,0,0,0
"–±—ã—Å—Ç—Ä–æ, –æ–ø–µ—Ä–∞—Ç–∏–≤–Ω–æ. —Å–ø–∞—Å–∏–±–æ!",1,0,0,0,0,0
—Å–ø–∞—Å–∏–±–æüëç,0,0,0,1,1,0
"—Å–ø–∞—Å–∏–±–æ –∑–∞  –±—ã—Å—Ç—Ä—ã–π –æ—Ç–≤–µ—Ç! 


",1,0,0,0,1,0
–∑–∞–±—Ä–∞–ª –æ—á–∫–∏,0,0,0,0,0,0
–û—á–µ–Ω—å –±—ã—Å—Ç—Ä–æ –æ—Ç—Ä–µ–∞–≥–∏—Ä–æ–≤–∞–ª–∏ –∏ —É—Å—Ç—Ä–∞–Ω–∏–ª–∏ –ø—Ä–æ–±–ª–µ–º—É ,1,0,0,0,0,0
"–±–∞—Ç–∞—Ä–µ—è –ø–æ–ª–Ω–æ—Å—Ç—å—é –≥–æ—Ä—è—á–∞—è, —Å–ø–∞—Å–∏–±–æ –æ–≥—Ä–æ–º–Ω–æ–µ –∑–∞ —Ä–∞–±–æ—Ç—É",0,0,0,0,1,0
"–∑–¥—Ä–∞–≤—Å—Ç–≤—É–π—Ç–µ, –±—ã–ª–∞ —É—Å–ª—ã—à–∞–Ω–∞ —Å–ø–µ—Ü–∏–∞–ª–∏—Å—Ç–æ–º, –ø—Ä–æ–±–ª–µ–º–∞ —Ä–µ—à–µ–Ω–∞ –≤ —Ç–µ—á. 1-–æ–π –º–∏–Ω—É—Ç—ã, —Å—Ä–∞—Å–∏–±–æ",0,0,0,0,0,0
–°–ø–∞—Å–∏–±–æ –∑–∞ –±—ã—Å—Ç—Ä–æ–µ —Ä–µ–∞–≥–∏—Ä–æ–≤–∞–Ω–∏–µ!!!,1,0,0,0,0,0
"–ü—Ä–∏—à–ª–∏,, –æ–∫–Ω–∞ –ø–æ–¥–∫—Ä—É—Ç–∏–ª–∏. –ë—ã—Å—Ç—Ä–æ. ",0,0,0,0,0,0
–°–ø–∞—Å–∏–±–æ –°–µ—Ä–≥–µ–π ! )))),0,0,0,0,0,0
"–±—ã—Å—Ç—Ä–æ –ø—Ä–∏—Å–ª–∞–ª–∏ –∫–æ–¥.
–µ–¥–∏–Ω—Å—Ç–≤–µ–Ω–Ω–æ–µ —á—Ç–æ —Å–º—É—â–∞–µ—Ç  –∫–æ–¥—ã –ª–µ–≥–∫–∏–µ —Å–ª–∏—à–∫–æ–º.",0,0,0,0,0,0
üëçüëçüëç,0,0,0,0,0,0
—Å–ø–∞—Å–∏–±–æ!,0,0,0,1,1,0
"–±—ã—Å—Ç—Ä–æ –æ—Ç—Ä–µ–∞–≥–∏—Ä–æ–≤–∞–ª–∏, —Å–ø–∞—Å–∏–±–æ",1,0,0,0,0,0
–ë–ª–∞–≥–æ–¥–∞—Ä—é –∑–∞ –æ–ø–µ—Ä–∞—Ç–∏–≤–Ω–æ–µ —Ä–µ—à–µ–Ω–∏–µ –ø—Ä–æ–±–ª–µ–º—ã ! ,1,0,0,0,0,0
"–°–µ—Ä–≥–µ–π –ê–Ω–∞—Ç–æ–ª—å–µ–≤–∏—á, –º–∞—Å—Ç–µ—Ä —Å–≤–æ–µ–≥–æ –¥–µ–ª–∞. –í—ã–ø–æ–ª–Ω–∏–ª —Ä–∞–±–æ—Ç—É –±—ã—Å—Ç—Ä–æ –∏ –∫–∞—á–µ—Å—Ç–≤–µ–Ω–Ω–æ, —Å–ø–∞—Å–∏–±–æ.",0,0,1,0,0,0
—Å–ø–∞—Å–∏–±–æ!,0,0,0,1,1,0
–°–ø–∞—Å–∏–±–æ!,0,0,0,1,1,0
"—Å–ø–∞—Å–∏–±–æ, –∑–∞—è–≤–∫–∞ –≤—ã–ø–æ–ª–Ω–µ–Ω–∞.",0,0,0,0,1,0
"20 —è–Ω–≤–∞—Ä—è, –ø–æ–∫–∞ –∑–∞–ø–∞–∞ –Ω–µ—Ç",0,0,0,0,0,0
—Å–ø–∞—Å–∏–±–æ –∑–∞ –æ–ø–µ—Ä–∞—Ç–∏–≤–Ω–æ—Å—Ç—å.,1,0,0,0,0,0
"–ë–æ–ª—å—à–æ–µ —Å–ø–∞—Å–∏–±–æ –∑–∞ —Å–≤–æ–µ–≤—Ä–µ–º–µ–Ω–Ω—É—é –æ–±—Ä–∞—Ç–Ω—É—é —Å–≤—è–∑—å! –í—Å—ë —á—ë—Ç–∫–æ –æ–±—ä—è—Å–Ω–∏–ª–∏,–∫—É–ª—å—Ç—É—Ä–Ω–æ!",0,0,0,0,1,0
–Ω–µ —Ä–∞–±–æ—Ç–∞—é—Ç 2 –≥—Ä—É–∑–æ–≤—ã—Ö –ª–∏—Ñ—Ç–∞,0,0,0,0,0,1
"–æ–ø–µ—Ä–∞—Ç–∏–≤–Ω–æ –ø—Ä–∏—à–ª–∏, –≤—ã–ø–æ–ª–Ω–∏–ª–∏ –æ—Å–º–æ—Ç—Ä, —Å–æ—Å—Ç–∞–≤–∏–ª–∏ –∞–∫—Ç! –Ω–∞ –≤—Å–µ –∏–Ω—Ç–µ—Ä–µ—Å—É—é—â–∏–µ –≤–æ–ø—Ä–æ—Å—ã –æ—Ç–≤–µ—Ç–∏–ª–∏. –±–ª–∞–≥–æ–¥–∞—Ä—é!",0,0,0,0,0,0
–≤–æ—Ç —ç—Ç–æ —Å–∫–æ—Ä–æ—Å—Ç—å –≤—ã–ø–æ–ª–Ω–µ–Ω–∏—è –∑–∞—è–≤–∫–∏ üî• –≤–æ—Ç —ç—Ç–æ —è –ø–æ–Ω–∏–º–∞—é! –≤ –ø—Ä–∏–º–µ—Ä –≤—Å–µ–º –æ—Å—Ç–∞–ª—å–Ω—ã–º! —Å–ø–∞—Å–∏–±–æ –±–æ–ª—å—à–æ–µ! üëçüèΩüëèüèΩ,0,0,0,0,0,0
"–õ–∏–∫–∞, —Å–ø–∞—Å–∏–±–æ –í–∞–º –∑–∞ –æ–ø–µ—Ä–∞—Ç–∏–≤–Ω—ã–π –æ—Ç–≤–µ—Ç –∏ –ø–æ–¥—Ä–æ–±–Ω—ã–µ —Ä–∞–∑—ä—è—Å–Ω–µ–Ω–∏—è –ø–æ —Ä–∞–±–æ—Ç–µ —Å –ø—Ä–∏–ª–æ–∂–µ–Ω–∏–µ–º! ",0,0,0,0,0,0
—Å–ø–∞—Å–∏–±–æ,0,0,0,1,1,0
"—Å–ø–∞—Å–∏–±–æ, –±—ã—Å—Ç—Ä–æ –∏ –æ–ø–µ—Ä–∞—Ç–∏–≤–Ω–æ!!!",1,0,0,0,1,0
–°–ø–∞—Å–∏–±–æ ,0,0,0,1,1,0
–°–ø–∞—Å–∏–±–æ!,0,0,0,1,1,0
"–ë—ã—Å—Ç—Ä–æ, –∫–∞—á–µ—Å—Ç–≤–µ–Ω–Ω–æ —É—Å—Ç—Ä–∞–Ω–∏–ª –Ω–∞—à –∑–∞—Å–æ—Ä ",0,0,0,0,0,0
—Å–ø–∞—Å–∏–±–æ —é–ª–∏–∏ –∏ –µ—Ä–ª–∞–Ω—É –∑–∞ —Ä–µ—à–µ–Ω–∏–µ –≤–æ–ø—Ä–æ—Å–∞!,0,0,0,0,1,0
"–æ–ø–µ—Ä–∞—Ç–∏–≤–Ω–æ —É—Å—Ç—Ä–∞–Ω–∏–ª–∏, –¥–∞–ª–∏ –∫–æ–Ω—Å—É–ª—å—Ç–∞—Ü–∏—é ",0,0,0,0,0,0
—Å–ø–∞—Å–∏–±–æ!,0,0,0,1,1,0
–æ—Ç–ª–∏—á–Ω—ã–π –º–∞—Å—Ç–µ—Ä.,0,0,1,0,0,0
"–≤—Å—ë –±—ã–ª–æ —Å–¥–µ–ª–∞–Ω–æ –±—ã—Å—Ç—Ä–æ –∏ –∫–∞—á–µ—Å—Ç–≤–µ–Ω–Ω–æ, –æ–≥—Ä–æ–º–Ω–æ–µ —Å–ø–∞—Å–∏–±–æ –º–∞—Å—Ç–µ—Ä—É",0,0,0,0,0,0
"—Å–∞–Ω—Ç–µ—Ö–Ω–∏–∫ –ø—Ä–∏—à–µ–ª –≤ –¥–µ–Ω—å –æ–± –æ–±—Ä–∞—â–µ–Ω–∏—è, –≤–æ–ø—Ä–æ—Å —Ä–µ—à–µ–Ω –Ω–∞ –º–µ—Å—Ç–µ, —Å–ø–∞—Å–∏–±–æ –∑–∞ –æ–ø–µ—Ä–∞—Ç–∏–≤–Ω–æ—Å—Ç—å.",0,0,0,0,0,0
–°–ø–∞—Å–∏–±–æ üòâ ,0,0,0,1,1,0
–û—á–µ–Ω—å –≥—Ä–∞–º–æ—Ç–Ω—ã–π —Å–ø–µ—Ü–∏–∞–ª–∏—Å—Ç. –£—Å—Ç—Ä–∞–Ω–∏–ª –º–æ–º–µ–Ω—Ç–∞–ª—å–Ω–æ.,0,0,1,0,0,0
–ø–æ–¥–∞—á–∞ –≥–æ—Ä—è—á–µ–π –≤–æ–¥—ã –≤ —Å–∏—Å—Ç–µ–º—É –æ—Ç–æ–ø–ª–µ–Ω–∏—è –±—ã–ª–∞ –≤—ã–ø–æ–ª–Ω–µ–Ω–∞ –≤ —Ç–µ—á–µ–Ω–∏–µ 30 –º–∏–Ω. —Å –º–æ–º–µ–Ω—Ç–∞ –ø–æ–¥–∞—á–∏ –∑–∞—è–≤–∫–∏ –ø–æ –æ—Ç—Å—É—Ç—Å—Ç–≤–∏—é –æ—Ç–æ–ø–ª–µ–Ω–∏—è.,0,0,0,0,0,0
–°–ø–∞—Å–∏–±–æ!,0,0,0,1,1,0
—Å–ø–∞—Å–∏–±–æ –±–æ–ª—å—à–æ–µ! ,0,0,0,1,1,0
"–ü—Ä–æ–±–ª–µ–º–∞ —É—Å—Ç—Ä–∞–Ω–µ–Ω–∞, –¥–æ—Å—Ç–∞—Ç–æ—á–Ω–æ –æ–ø–µ—Ä–∞—Ç–∏–≤–Ω–æ ",0,0,0,0,0,0
—Å–ø–∞—Å–∏–±–æ –∑–∞ –æ–ø–µ—Ä–∞—Ç–∏–≤–Ω–æ—Å—Ç—å,1,0,0,0,0,0
—Å–ø–∞—Å–∏–±–æ –±–æ–ª—å—à–æ–µ –∑–∞ —Å–∫–æ—Ä–æ—Å—Ç—å,0,0,0,0,1,0
—Å–ø–∞—Å–∏–±–æ ,0,0,0,1,1,0
"–ë—ã—Å—Ç—Ä–æ –ø—Ä–∏–µ—Ö–∞–ª –º–∞—Å—Ç–µ—Ä , —Å–æ—Å—Ç–∞–≤–∏–ª–∏ –∞–∫—Ç . ",0,0,0,0,0,0
–ë–ª–∞–≥–æ–¥–∞—Ä—é –∑–∞ –æ–ø–µ—Ä–∞—Ç–∏–≤–Ω–æ—Å—Ç—å ))–•–æ—Ä–æ—à–µ–≥–æ –¥–Ω—è),1,0,0,0,0,0
"–±–æ–ª—å—à–æ–µ —Å–ø–∞—Å–∏–±–æ, –≤—Å–µ –ø–æ—á–∏–Ω–∏–ª–∏ –æ—á–µ–Ω—å –æ–ø–µ—Ä–∞—Ç–∏–≤–Ω–æ!",0,0,0,0,1,0
—Å–ø–∞—Å–∏–±–æ,0,0,0,1,1,0
—Å–ø–∞—Å–∏–±–æ üôè,0,0,0,1,1,0
"–≤—Å—ë –±—ã—Å—Ç—Ä–æ, –∫–∞—á–µ—Å—Ç–≤–µ–Ω–Ω–æ, –≤–µ–∂–ª–∏–≤–æ",1,0,0,0,0,0
–û—Ç–ª–∏—á–Ω–æ!,0,0,0,0,1,0
—Å–ø–∞—Å–∏–±–æ –æ–ø–µ—Ä–∞—Ç–∏–≤–Ω–æ –ø–æ—á–∏–Ω–∏–ª–∏ üëç,0,0,0,0,0,0
"–°–ø–∞—Å–∏–±–æ –±–æ–ª—å—à–æ–µ, —Å–≤–µ—Ç —Å–¥–µ–ª–∞–ª–∏",0,0,0,0,1,0
"–ë–æ–ª—å—à–æ–µ —Å–ø–∞—Å–∏–±–æ, –æ—á–µ–Ω—å –≤–Ω–∏–º–∞—Ç–µ–ª—å–Ω–æ –∏ –∫–ª–∏–µ–Ω—Ç–æ–æ—Ä–∏–µ–Ω—Ç–∏—Ä–æ–≤–∞–Ω–Ω–æ—Å—Ç—å –Ω–∞ –≤—ã—Å—à–µ–º —É—Ä–æ–≤–Ω–µ ",0,0,0,0,0,0
–æ–≥—Ä–æ–º–Ω–æ–µ —Å–ø–∞—Å–∏–±–æ üëç,0,0,0,0,1,0
–∫–Ω–æ–ø–∫–∏ –Ω–µ —Å–≤–µ—Ç—è—Ç—Å—è –ø—Ä–∏ –Ω–∞–∂–∞—Ç–∏–∏,0,0,0,0,0,1
"–°–ø–∞—Å–∏–±–æ! –£—Å–ª—É–≥–∞ –æ–∫–∞–∑–∞–Ω–∞ –æ—á–µ–Ω—å –æ–ø–µ—Ä–∞—Ç–∏–≤–Ω–æ, —É–¥–æ–±–Ω—ã–π —Ñ–æ—Ä–º–∞—Ç. –ó–∞–∫–∞–∑–∞–ª–∞ –∫–ª—é—á –Ω–∞ –≤—ã—Ö–æ–¥–Ω—ã—Ö, –≤ –ø–æ–Ω–µ–¥–µ–ª—å–Ω–∏–∫ –≤—Å–µ –±—ã–ª–æ –≥–æ—Ç–æ–≤–æ. –°–æ—Ç—Ä—É–¥–Ω–∏–∫–∏ –≤–µ–∂–ª–∏–≤—ã–µ –∏ –≤–Ω–∏–º–∞—Ç–µ–ª—å–Ω—ã–µüëç",0,0,0,0,0,0
—Å–ø–∞—Å–∏–±–æ!,0,0,0,1,1,0
—Å–ø–∞—Å–∏–±–æ –∑–∞ —Ä–∞–±–æ—Ç—É!,0,0,0,0,1,0
–∑–¥—Ä–∞–≤—Å—Ç–≤—É–π—Ç–µ! —Å–ø–∞—Å–∏–±–æ –æ–≥—Ä–æ–º–Ω–æ–µ —Å–ø–µ—Ü–∏–∞–ª–∏—Å—Ç–∞–º –∑–∞ –±—ã—Å—Ç—Ä—ã–π –æ—Ç–≤–µ—Ç –∏ —Ä–µ—à–µ–Ω–∏–µ –Ω–∞—à–µ–π –ø—Ä–æ–±–ª–µ–º—ã!,0,0,0,0,1,0
"–°–ø–∞—Å–∏–±–æ –±–æ–ª—å—à–æ–µ, –≤—Å–µ –ø–æ–ª—É—á–∏–ª–∞ ",0,0,0,1,1,0
–°–ø–∞—Å–∏–±–æ –æ–≥—Ä–æ–º–Ω–µ–π—à–µ–µ –∑–∞ –æ–ø–µ—Ä–∞—Ç–∏–≤–Ω–æ—Å—Ç—å ‚ù§Ô∏è,1,0,0,0,0,0
–æ–≥—Ä–æ–º–Ω–æ–µ —Å–ø–∞—Å–∏–±–æ!!!,0,0,0,0,1,0
–î–æ–±—Ä—ã–π –¥–µ–Ω—å. –°–ø–∞—Å–∏–±–æ –∑–∞ —Ä–∞–∑—ä—è—Å–Ω–µ–Ω–∏–µ. –í—Å–µ–≥–æ –≤–∞–º —Ö–æ—Ä–æ—à–µ–≥–æ.,0,0,0,0,0,0
–•–æ—á—É –≤—ã—Ä–∞–∑–∏—Ç—å –æ—Å–æ–±—É—é –±–ª–∞–≥–æ–¥–∞—Ä–Ω–æ—Å—Ç—å –¢–∞—Ç—å—è–Ω–µ –∑–∞ –ø—Ä–æ—è–≤–ª–µ–Ω–Ω—ã–π –∏–Ω—Ç–µ—Ä–µ—Å –∫ –º–æ–µ–º—É –≤–æ–ø—Ä–æ—Å—É!,0,0,0,0,0,0
"–í–µ–∂–ª–∏–≤—ã–µ, –¥–æ–±—Ä–æ–∂–µ–ª–∞—Ç–µ–ª—å–Ω—ã–µ. –†–∞–∑—ä—è—Å–Ω–∏–ª–∏, –ø–æ–¥—Å–∫–∞–∑–∞–ª–∏.",0,0,0,0,0,0
–°–ø–∞—Å–∏–±–æ –∑–∞ –±—ã—Å—Ç—Ä–æ–µ –∏ –∫–∞—á–µ—Å—Ç–≤–µ–Ω–Ω–æ–µ —Ä–µ—à–µ–Ω–∏–µ –≤–æ–ø—Ä–æ—Å–∞ ,0,0,0,0,1,0
–ë–æ–ª—å—à–æ–µ —Å–ø–∞—Å–∏–±–æ ,0,0,0,1,1,0
–°–ø–∞—Å–∏–±–æ –ë–æ–ª—å—à–æ–µ! –í—Å—ë —Å–¥–µ–ª–∞–Ω–æ —Å—É–ø–µ—Ä!,0,0,0,0,1,0
–æ—Ç—Ä–∞–±–æ—Ç–∞–ª–∏ –æ–ø–µ—Ä–∞—Ç–∏–≤–Ω–æ,1,0,0,0,0,0
"–≥–¥–µ –º–æ–∂–Ω–æ –ø–æ—Å–º–æ—Ç—Ä–µ—Ç—å –ø—Ä–∞–π—Å –Ω–∞ —É—Å–ª—É–≥–∏ –≤–∞—à–∏—Ö —ç–ª–µ–∫—Ç—Ä–∏–∫–æ–≤? —á—Ç–æ –∑–∞ –∏–Ω–∫–æ–≥–Ω–∏—Ç–æ —Ü–µ–Ω—ã, –∫–æ—Ç–æ—Ä—ã–µ –º–Ω–µ –ø–æ—Ç–æ–º –æ–∑–≤—É—á–∏–≤–∞—é—Ç?",0,0,0,0,0,0
–°–ø–∞—Å–∏–±–æ! –í—Å–µ –∑–∞—Ä–∞–±–æ—Ç–∞–ª–æ ,0,0,0,0,1,0
–≤–æ–¥–∞ —Å—Ç–∞–ª–∞ —Ç–µ–ø–ª–µ–µ,0,0,0,0,0,0
—Å–ø–∞—Å–∏–±–æ –±–æ–ª—å—à–æ–µ –∑–∞ –æ–ø–µ—Ä–∞—Ç–∏–≤–Ω—ã–π –æ—Ç–≤–µ—Ç,1,0,0,0,1,0
–õ—É—á—à–∏–π ,0,0,0,0,1,0
—Å–ø–∞—Å–∏–±–æ!,0,0,0,1,1,0
–±–ª–∞–≥–æ–¥–∞—Ä—é!,0,0,0,0,1,0
"–ü—Ä–æ—Å—Ç–æ –∏ —É–¥–æ–±–Ω–æ, –∞ —Ç–∞–∫–∂–µ –±—ã—Å—Ç—Ä–æ –∏ —ç–∫–æ–Ω–æ–º–∏—è –≤—Ä–µ–º–µ–Ω–∏ –∏ —Ä–µ—Å—É—Ä—Å–æ–≤
.",0,0,0,0,0,0
"–æ—á–µ–Ω—å –æ–ø–µ—Ä–∞—Ç–∏–≤–Ω–æ —Ä–µ—à–∏–ª–∏ –≤–æ–ø—Ä–æ—Å, —Å–ø–∞—Å–∏–±–æ!",0,0,0,0,1,0
–°–ø–∞—Å–∏–±–æ –∑–∞ –≤–∞—à—É —Ä–∞–±–æ—Ç—É ,0,0,0,0,1,0
–æ–ø–µ—Ä–∞—Ç–∏–≤–Ω–æ –ø—Ä–∏—à–µ–ª —Å–æ—Ç—Ä—É–¥–Ω–∏–∫ –∏ –Ω–∞—à–µ–ª –∏—Å—Ç–æ—á–Ω–∏–∫ –ø—Ä–æ—Ç–µ—á–∫–∏,0,0,0,0,1,0
–ø—Ä–æ—Ñ–µ—Å—Å–∏–æ–Ω–∞–ª. –≤—Å–µ —Ä–µ—à–∏–ª–∏.,0,0,0,0,1,0
"–º–∞—Å—Ç–µ—Ä –ø—Ä–æ—Å—Ç–æ —Å—É–ø–µ—Ä! —Å–¥–µ–ª–∞–ª –≤—Å—ë –Ω–∞ –≤—ã—Å—à–µ–º —É—Ä–æ–≤–Ω–µ, —Å–ø–∞—Å–∏–±–æ –±–æ–ª—å—à–æ–µ üëç",0,0,0,0,0,0
"–û—Ç–ª–∏—á–Ω—ã–π —Å–ø–µ—Ü–∏–∞–ª–∏—Å—Ç, –≤–æ–ø—Ä–æ—Å —Ä–µ—à–µ–Ω. –°–ø–∞—Å–∏–±–æ.",0,0,0,0,0,0
–ë–ª–∞–≥–æ–¥–∞—Ä—é –∑–∞ –æ–ø–µ—Ä–∞—Ç–∏–≤–Ω–æ—Å—Ç—å!,1,0,0,0,0,0
–≤—ã–ø–æ–ª–Ω–∏–ª–∏ –∑–∞—è–≤–∫—É —á–µ—Ä–µ–∑ 2 –Ω–µ–¥–µ–ª–∏,0,0,0,0,0,0
–∑–∞—Å–æ—Ä —É—Å—Ç—Ä–∞–Ω–∏–ª–∏,0,0,0,0,0,0
—Å–ø–∞—Å–∏–±–æ,0,0,0,1,1,0
–í—Å–µ –±—ã—Å—Ç—Ä–æ –∏ –∫–∞—á–µ—Å—Ç–≤–µ–Ω–Ω–æ ,1,1,0,0,0,0
"–æ—Ç–ª–∏—á–Ω–∞—è —Ä–∞–±–æ—Ç–∞, –±—ã—Å—Ç—Ä–æ, –∫–∞—á–µ—Å—Ç–≤–µ–Ω–Ω–æ üôå",0,0,0,0,0,0
–≤—Å–µ –±—ã—Å—Ç—Ä–æ –∏ —Ö–æ—Ä–æ—à–æ,0,0,0,0,0,0
"–≤—Å–µ –æ—Ç–ª–∏—á–Ω–æ, –ø—Ä–æ–±–ª–µ–º–∞ —Ä–µ—à–µ–Ω–∞",0,0,0,0,1,0
"–æ—á–µ–Ω—å –ø–æ–Ω—Ä–∞–≤–∏–ª—Å—è –≤–∞—à —Å–æ—Ç—Ä—É–¥–Ω–∏–∫. –≤—Å–µ –ø—Ä–æ–≤–µ—Ä–∏–ª, –ø–æ–∫–∞–∑–∞–ª, –æ–±—ä—è—Å–Ω–∏–ª. –Ω–∞–¥–µ—é—Å—å —Å –æ—Ç–æ–ø–ª–µ–Ω–∏–µ–º –ø—Ä–æ–±–ª–µ–º –Ω–µ –±—É–¥–µ—Ç. —Å–ø–∞—Å–∏–±–æ",0,0,0,0,0,0
"–ª–∏—Ñ—Ç —Ä–∞–±–æ—Ç–∞–µ—Ç,—è –¥–æ–≤–æ–ª—å–Ω–∞",0,0,0,0,0,0
—Å–ø–∞—Å–∏–±–æ,0,0,0,1,1,0
—Å–ø–∞—Å–∏–±–æ ,0,0,0,1,1,0
—Å–ø–∞—Å–∏–±–æ! –∞–ª–µ–∫—Å–∞–Ω–¥—Ä –≤—Å–µ –æ–ø–µ—Ä–∞—Ç–∏–≤–Ω–æ –≤—ã–ø–æ–ª–Ω–∏–ª. –æ—á–µ–Ω—å –≤–Ω–∏–º–∞—Ç–µ–ª—å–Ω–æ –∏ —É–≤–∞–∂–∏—Ç–µ–ª—å–Ω–æ –∏—Å–ø–æ–ª–Ω–∏–ª –∑–∞–∫–∞–∑.,0,0,0,0,1,0
—Å–ø–∞—Å–∏–±–æ –∑–∞ –æ–ø–µ—Ä–∞—Ç–∏–≤–Ω–æ—Å—Ç—å –∑–∞ –±—ã—Å—Ç—Ä—É—é –æ–±—Ä–∞—Ç–Ω—É—é —Å–≤—è–∑—å,1,0,0,0,0,0
–°–ø–∞—Å–∏–±–æ. ,0,0,0,1,1,0
c—Å–ø–∞—Å–∏–±–æ!,0,0,0,0,0,0
–°–ø–∞—Å–∏–±–æ,0,0,0,1,1,0
"–≤—ã—Ç—è–∂–∫–∞ –∑–∞—Ä–∞–±–æ—Ç–∞–ª–∞ - —Å–ø–∞—Å–∏–±–æ. –æ—Ç–¥–µ–ª—å–Ω–æ–µ —Å–ø–∞—Å–∏–±–æ –º–∞—Å—Ç–µ—Ä—É, –∫–æ—Ç–æ—Ä—ã–π —Å–æ–æ–±—â–∏–ª, —á—Ç–æ –Ω–µ—Ç –ø—Ä–∏—á–∏–Ω, –ø—Ä–µ–ø—è—Ç—Å—Ç–≤—É—é—â–∏—Ö –ø–æ–¥–∫–ª—é—á–µ–Ω–∏—é –≤—ã—Ç—è–∂–∫–∏ –∫ –¥–æ–º–æ–≤–æ–π –≤–µ–Ω—Ç–∏–ª—è—Ü–∏–∏ ",0,0,0,0,0,0
—Å–ø–∞—Å–∏–±–æ –±–æ–ª—å—à–æ–µ üôÇüëçüëçüëç,0,0,0,1,1,0
"—Å–ø–∞—Å–∏–±–æ –∑–∞ –æ–ø–µ—Ä–∞—Ç–∏–≤–Ω–æ—Å—Ç—å –∏ –≥—Ä–∞–º–æ—Ç–Ω—ã–π, —Ä–∞–∑–≤—ë—Ä–Ω—É—Ç—ã–π –æ—Ç–≤–µ—Ç) 
",1,0,0,0,0,0
"–æ—Ç–ª–∏—á–Ω–æ!—Å–ø–∞—Å–∏–±–æ,–º–∞—Å—Ç–µ—Ä –≤—Å–µ —É—Å—Ç–∞–Ω–æ–≤–∏–ª –∫–∞–∫ –Ω—É–∂–Ω–æ.",0,0,0,0,0,0
"–≤ –ø—Ä–∏–ª–æ–∂–µ–Ω–∏–∏ –ø–æ-–ø—Ä–µ–∂–Ω–µ–º—É –¥—Ä—É–≥–æ–π —á–µ–ª–æ–≤–µ–∫,  —Ç–æ–∂–µ —Å–µ—Ä–≥–µ–π –∞–ª–µ–∫—Å–∞–Ω–¥—Ä–æ–≤, –Ω–æ –Ω–µ —Ç–æ—Ç",0,0,0,0,0,1
–æ–ø–µ—Ä–∞—Ç–∏–≤–Ω–æ.,1,0,0,0,0,0
–°—Ä–µ–∞–≥–∏—Ä–æ–≤–∞–ª–∏ –∑–∞ 20 –º–∏–Ω—É—Ç!!!!,0,0,0,0,0,0
–°–∞–º–∞—è –ª—É—á—à–∞—è –£–ö . –°–ø–∞—Å–∏–±–æ –±–æ–ª—å—à–æ–µ –∑–∞ –ø–æ–º–æ—â—å. –ó–∞ –±—ã—Å—Ç—Ä—É—é —Ä–∞–±–æ—Ç—É –∏ –º–≥–Ω–æ–≤–µ–Ω–Ω—É—é –≤—ã–ø–æ–ª–Ω–µ–Ω–∏—è!!!!,0,0,0,0,0,0
—Å–ø–∞—Å–∏–±–æ –æ–≥—Ä–æ–º–Ω–æ–µ —Å–ø–µ—Ü–∏–∞–ª–∏—Å—Ç—É –∑–∞ –æ–ø–µ—Ä–∞—Ç–∏–≤–Ω–æ—Å—Ç—å –∏ –ø—Ä–æ—Ñ–µ—Å—Å–∏–æ–Ω–∞–ª–∏–∑–º. ,0,0,0,0,0,0
—Å–ø–∞—Å–∏–±–æ. –ø–æ–∫–∞–∑–∞–Ω–∏—è –∏—Å–ø—Ä–∞–≤–ª–µ–Ω—ã,0,0,0,0,0,0
–±—ã—Å—Ç—Ä–æ –∏ –∫–∞—á–µ—Å—Ç–≤–µ–Ω–Ω–æ!,1,1,0,0,0,0
—Å–æ—Ç—Ä—É–¥–Ω–∏–∫–∏ –º–æ–ª–æ–¥—Ü—ã!,0,0,0,0,0,0
–Ω—É–∂–Ω–æ –ø–æ–º–µ–Ω—è—Ç—å —Ñ–æ–Ω–æ–≤—É—é —Ç—Ä—É–±—É,0,0,0,0,0,0
"–°–ø–∞—Å–∏–±–æ! –¢–∞–∫ –±—ã—Å—Ç—Ä–æ —Å–¥–µ–ª–∞–ª–∏ , –∫—Ä–∞—Å–∏–≤—É—é —Å–≤–µ—Ç–æ–¥–∏–æ–¥–Ω—É—é –ª–∞–º–ø—É –ø–æ—Å—Ç–∞–≤–∏–ª–∏ ",0,0,0,0,1,0
–°–ø–∞—Å–∏–±–æ –∑–∞ –æ–ø–µ—Ä–∞—Ç–∏–≤–Ω–æ–µ —Ä–µ—à–µ–Ω–∏–µ,1,0,0,0,1,0
"—Å–ø–∞—Å–∏–±–æ, –∏–≥–æ—Ä—å",0,0,0,0,0,0
–í –ø–µ—Ä–≤—ã–π —Ä–∞–∑ —Ç–∞–∫ –±—ã—Å—Ç—Ä–æ,0,0,0,0,0,0
–≤–æ–¥–∞ —Ç–µ—á–µ—Ç –≥–æ—Ä—è—á–∞—è! —Å–ø–∞—Å–∏–±–æ!,0,0,0,0,1,0
"–ü—Ä–æ–±–ª–µ–º–∞ —Ä–µ—à–µ–Ω–∞, —Ä—É—á–∫–∏ –Ω–∞ –æ–∫–Ω–∞ –ø–æ—Å—Ç–∞–≤–∏–ª–∏.
–°–ø–∞—Å–∏–±–æ –∑–∞ –æ–±—Ä–∞—Ç–Ω—É—é —Å–≤—è–∑—å!",0,0,0,0,0,0
–≤ –ª—É—á—à–µ–º –≤–∏–¥–µ ,0,0,0,0,0,0
—Å–ø–∞—Å–∏–±–æ! –æ—á–µ–Ω—å –æ–ø–µ—Ä–∞—Ç–∏–≤–Ω–æ! 5+,1,0,0,0,0,0
–≤—Å–µ —Ä–∞—Å—Å–∫–∞–∑–∞–ª–∏ –∏ –æ–±—ä—è—Å–Ω–∏–ª–∏,0,0,0,0,1,0
"–≤–∫–ª—é—á–∏–ª–∏ –ª–∏—Ñ—Ç –±—ã—Å—Ç—Ä–æ, –Ω–æ –∫–∞–∫ –Ω–∞–¥–æ–µ–ª–æ —ç—Ç–æ –Ω–∞–±–ª—é–¥–∞—Ç—å –ø–æ—á—Ç–∏ –∫–∞–∂–¥—ã–π –¥–µ–Ω—å!",0,0,0,0,0,0
–ë–æ–ª—å—à–æ–µ —Å–ø–∞—Å–∏–±–æ —è! –û–ø–µ—Ä–∞—Ç–∏–≤–Ω–æ –≤—Å–µ —Å–¥–µ–ª–∞–ª–∏!,0,0,0,0,1,0
–æ—á–µ–Ω—å –≤–µ–∂–ª–∏–≤—ã–π –∏ –≤–Ω–∏–º–∞—Ç–µ–ª—å–Ω—ã–π –º–∞—Å—Ç–µ—Ä. –≤—Å–µ –≤—ã—è—Å–Ω–∏–ª –∏ –ø–æ—á–∏–Ω–∏–ª !,0,0,1,0,0,0
"–í—Å–µ —Å—É–ø–µ—Ä, –û—á–µ–Ω—å –æ–ø–µ—Ä–∞—Ç–∏–≤–Ω–æ –∏ –ø—Ä–æ—Ñ–µ—Å—Å–∏–æ–Ω–∞–ª—å–Ω–æ, –°–ø–∞—Å–∏–±–æ ",0,0,0,0,0,0
—Å–ø–∞—Å–∏–±–æ. ,0,0,0,1,1,0
–í—Å–µ –æ—Ç–ª–∏—á–Ω–æ ,0,0,0,0,1,0
—Å–ø–∞—Å–∏–±–æ –∑–∞ –æ–ø–µ—Ä–∞—Ç–∏–≤–Ω–æ–µ —Ä–µ—à–µ–Ω–∏–µ –ø—Ä–æ–±–ª–µ–º—ã. ,1,0,0,0,1,0
–í—Å–µ –æ—Ç–ª–∏—á–Ω–æ! –°–ø–∞—Å–∏–±–æ.,0,0,0,1,1,0
–ø–µ—Ä–≤—ã–π —Ä–∞–∑ –∑–∞ 5 –ª–µ—Ç –∑–∞—è–≤–∫–∞ –≤—ã–ø–æ–ª–Ω–µ–Ω–∞ –∫–∞–∫ –ø–æ–ª–∞–≥–∞–µ—Ç—Å—è –∏ –æ–ø–µ—Ä–∞—Ç–∏–≤–Ω–æ! —Å–ø–∞—Å–∏–±–æ!,0,0,0,0,0,0
–æ—á–µ–Ω—å –æ–ø–µ—Ä–∞—Ç–∏–≤–Ω–æ –≤–Ω–µ—Å–ª–∏ –¥–∞–Ω–Ω—ã–µ –ø–æ –ø–æ–≤–µ—Ä–∫–µ ,0,0,0,0,0,0
–•–æ—Ä–æ—à–∏–π —Å–æ—Ç—Ä—É–¥–Ω–∏–∫. –ü—Ä–∏—è—Ç–Ω–æ –æ–±—â–∞—Ç—å—Å—è –∏ –ø–æ–ª—É—á–∞—Ç—å –æ—Ç–≤–µ—Ç—ã –Ω–∞ –≤—Å–µ –≤–æ–ø—Ä–æ—Å—ã. ,0,0,1,0,0,0
–±—ã—Å—Ç—Ä–æ –∏ –æ–ø–µ—Ä–∞—Ç–∏–≤–Ω–æ –¥–µ–º–æ–Ω—Ç–∏—Ä–æ–≤–∞–ª–∏ –∑–∞–º–æ–∫,1,0,0,0,0,0
–†–æ–º–∞–Ω –∏ –µ–≥–æ –∫–æ–ª–ª–µ–≥–∞ –°–£–ü–ï–† —Å–ø–µ—Ü–∏–∞–ª–∏—Å—Ç—ã üëçüèªüëçüèªüëçüèª,0,0,0,0,0,0
–°–ø–∞—Å–∏–±–æ.. –≤—Å–µ —Å–¥–µ–ª–∞–ª–∏ –±—ã—Å—Ç—Ä–æ .. –æ—á–µ–Ω—å –≤–µ–∂–ª–∏–≤—ã–µ —Å–æ—Ç—Ä—É–¥–Ω–∏–∫–∏. ,0,0,0,0,0,0
—Å–ø–∞—Å–∏–±–æ,0,0,0,1,1,0
—Å–ø–∞—Å–∏–±–æ ,0,0,0,1,1,0
—Å–∞–Ω—Ç–µ—Ö–Ω–∏–∫ –ø—Ä–∏—à—ë–ª –≤—Å—ë —Å–¥–µ–ª–∞–ª,0,0,1,0,0,0
–±–ª–∞–≥–æ–¥–∞—Ä—é –∑–∞ –æ–ø–µ—Ä–∞—Ç–∏–≤–Ω–æ—Å—Ç—å –ø—Ä–æ–≤–µ–¥—ë–Ω–Ω–æ–π —Ä–∞–±–æ—Ç—ã!,1,0,0,0,0,0
"–ø—Ä–æ–±–ª–µ–º–∞ –Ω–µ —Ä–µ—à–µ–Ω–∞.! —É–∫–∞–∂–∏—Ç–µ —ç–ª. –ø–æ—á—Ç—É, —è –≤–∞–º —Å–∫–∏–Ω—É —á–µ–∫ –æ–± –æ–ø–ª–∞—Ç–µ –∑–∞ –¥–µ–∫–∞–±—Ä—å.",0,0,0,0,0,0
—Å—É–ø–µ—Ä –º–∞—Å—Ç–µ—Ä! –ø—Ä–æ—Ç–µ—á–∫–∞ —É—Å—Ç—Ä–∞–Ω–µ–Ω–∞ ! —Å–ø–∞—Å–∏–±–æ !,0,0,0,0,1,0
–ë—ã—Å—Ç—Ä–æ –∫–∞—á–µ—Å—Ç–≤–µ–Ω–Ω–æ ,1,1,0,0,0,0
"–°–ø–∞—Å–∏–±–æ –∑–∞ –ø–æ–º–æ—â—å
",0,0,0,0,1,0
"–û–≥—Ä–æ–º–Ω–æ–µ —á–µ–ª–æ–≤–µ—á–µ—Å–∫–æ–µ —Å–ø–∞—Å–∏–±–æ –∑–∞ –æ–ø–µ—Ä–∞—Ç–∏–≤–Ω–æ—Å—Ç—å –≤—ã–ø–æ–ª–Ω–µ–Ω–∏—è —Ä–∞–±–æ—Ç—ã –Ω–∞—à–µ–º—É –¥–µ–∂—É—Ä–Ω–æ–º—É —Å–∞–Ω—Ç–µ—Ö–Ω–∏–∫—É, –ø—Ä–∏–±—ã–≤—à–µ–º—É –≤ –≤–æ—Å–∫—Ä–µ—Å–µ–Ω—å–µ —á–µ—Ä–µ–∑ 20 –º–∏–Ω—É—Ç –ø–æ—Å–ª–µ –Ω–∞–ø–∏—Å–∞–Ω–∏—è –∑–∞—è–≤–∫–∏! –í—Å–µ —Ä–µ—à–∏–ª–æ—Å—å –Ω–∞–∏–ª—É—á—à–∏–º –æ–±—Ä–∞–∑–æ–º! –í–æ—Ç —Ç–∞–∫ –±—ã –≤—Å–µ –≤–æ–ø—Ä–æ—Å—ã –æ–ø–µ—Ä–∞—Ç–∏–≤–Ω–æ —Ä–µ—à–∞–ª–∏—Å—å!!!",0,0,0,0,0,0
—Å–ø–∞—Å–∏–±–æ,0,0,0,1,1,0
"—Å–ø–∞—Å–∏–±–æ, –∑–∞ –±—ã—Å—Ç—Ä—É—é —Ä–µ–∞–∫—Ü–∏—é –∏ —Ä–µ—à–µ–Ω–∏–µ –ø—Ä–æ–±–ª–µ–º—ã",1,0,0,0,0,0
–•–æ—Ä–æ—à–∞—è –¥–µ–≤—É—à–∫–∞ –º–µ–Ω–µ–¥–∂–µ—Ä ! –û—á–µ–Ω—å –ø–æ–Ω—è—Ç–ª–∏–≤–∞—è –∏ –Ω–∞ 100% –≤–æ—à–ª–∞ –≤ –ø–æ–ª–æ–∂–µ–Ω–∏–µ –≤—Å–µ—Ö –∂–∏—Ç–µ–ª–µ–π –∏ –¥–æ–Ω–µ—Å–ª–∞ —ç—Ç–æ –¥–æ —Ä—É–∫–æ–≤–æ–¥—Å—Ç–≤–∞ ! –ë–ª–∞–≥–æ–¥–∞—Ä—é –µ—ë! ,0,0,0,0,0,0
—Å–ø–∞—Å–∏–±–æ –±–æ–ª—å—à–æ–µ,0,0,0,1,1,0
–í—Å–µ –æ—Ç–ª–∏—á–Ω–æ! –°–ø–∞—Å–∏–±–æ ,0,0,0,1,1,0
"—Å–ø–∞—Å–∏–±–æ ,–æ—á–µ–Ω—å –±—ã—Å—Ç—Ä–æ –≤—ã–ø–æ–ª–Ω–∏–ª–∏ —Ä–∞–±–æ—Ç—É",1,0,0,0,0,0
–ë–æ–ª—å—à–æ–µ —Å–ø–∞—Å–∏–±–æ –º–∞—Å—Ç–µ—Ä—É!,0,0,1,0,0,0
–û—Ç–ª–∏—á–Ω–æ!!!,0,0,0,0,1,0
—Å–ø–∞—Å–∏–±–æ –∑–∞ –æ–±—Ä–∞—Ç–Ω—É—é —Å–≤—è–∑—å!,0,0,0,0,0,0
–±–ª–∞–≥–æ–¥–∞—Ä—é,0,0,0,0,1,0
–°–ø–∞—Å–∏–±–æ!,0,0,0,1,1,0
—Å–ø–∞—Å–∏–±–æ! –≤—Å–µ –æ–ø–µ—Ä–∞—Ç–∏–≤–Ω–æ –∏ –±—ã—Å—Ç—Ä–æ –±—ã–ª–æ —Å–¥–µ–ª–∞–Ω–æ! üëçüèª,0,0,0,0,1,0
—Å–ø–∞—Å–∏–±–æ))),0,0,0,1,1,0
"–í—Å–µ –±—ã—Å—Ç—Ä–æ, –Ω–µ —Å–º–æ—Ç—Ä—è –Ω–∞ –ø–æ–∑–¥–Ω–∏–π —á–∞—Å.",0,0,0,0,0,0
—Å–ø–∞—Å–∏–±–æ –∑–∞ –æ—Ä–≥–∞–Ω–∏–∑–æ–≤–∞–Ω–Ω–æ—Å—Ç—å,0,0,0,0,1,0
"–≤—ã –ª—É—á—à–∏–µ,  –±–ª–∞–≥–æ–¥–∞—Ä—é.",0,0,0,0,1,0
—Å–ø–∞—Å–∏–±–æ!,0,0,0,1,1,0
–°–ø–∞—Å–∏–±–æ) —Ç–∞–º –ø—Ä–∞–≤–¥–∞ –≤—Å–µ —É–±—Ä–∞–ª–∏ –∏ —Å—Ç–∞–ª–æ –ø—Ä—è–º —á–∏—Å—Ç–æ) –µ—Å–ª–∏ –º–æ–∂–µ—Ç–µ –µ—â–µ –æ—Ç–º—ã—Ç—å –ø—è—Ç–Ω–∞ —á–µ–≥–æ-—Ç–æ‚Ä¶ –±—É–¥—É –æ—á–µ–Ω—å –≤–∞–º –ø—Ä–∏–∑–Ω–∞—Ç–µ–ª–µ–Ω) –≤–æ–∑–º–æ–∂–Ω–æ —Ç–∞–º –Ω—É–∂–Ω–∞ –Ω–µ —Ç–æ–ª—å–∫–æ —Ç—Ä—è–ø–∫–∞),0,0,0,0,0,0
—Å–ø–∞—Å–∏–±–æ —Å–ø–µ—Ü–∏–∞–ª–∏—Å—Ç—É. ,0,0,0,0,1,0
"—Å—É–ø–µ—Ä, —Ç–µ–ø–µ—Ä—å –∫–Ω–æ–ø–∫–∞ —Å–≤–µ—Ç–∏—Ç—Å—è",0,0,0,0,1,0
–æ—á–µ–Ω—å –æ–ø–µ—Ä–∞—Ç–∏–≤–Ω–æ,1,0,0,0,0,0
–≤—Å—ë –æ—Ç–ª–∏—á–Ω–æ,0,0,0,0,1,0
—Å–ø—Å,0,0,0,0,0,0
–û–≥—Ä–æ–º–Ω–æ–µ –°–ø–∞—Å–∏–±–æ.,0,0,0,0,1,0
—Å–ø–∞—Å–∏–±–æ!,0,0,0,1,1,0
–ë—ã—Å—Ç—Ä–∞—è —Ä–µ–∞–∫—Ü–∏—è –Ω–∞ –æ–±—Ä–∞—â–µ–Ω–∏–µ. –ù–∞ –¥–∞–Ω–Ω—ã–π –º–æ–º–µ–Ω—Ç –ø—Ä–æ—Ç–µ—á–µ–∫ –Ω–µ—Ç.,0,0,0,0,0,0
—Å—É–ø–µ—Ä –º–∞—Å—Ç–µ—Ä !!!,0,0,1,0,0,0
—Å–ø–∞—Å–∏–±–æ –±–æ–ª—å—à–æ–µ –≤—Å–µ–º –∫—Ç–æ –ø–æ–º–æ–≥ —Ä–µ—à–∏—Ç—å –¥–∞–Ω–Ω—É—é –ø—Ä–æ–±–ª–µ–º—É ,0,0,0,0,0,0
–≤—Å—ë —Å–¥–µ–ª–∞–ª–∏ —Ö–æ—Ä–æ—à–æ –∏ –±—ã—Å—Ç—Ä–æ.,0,0,0,0,0,0
–∫–ª—é—á –Ω–µ —Ä–∞–±–æ—Ç–∞–µ—Ç!,0,0,0,0,0,1
–°–ø–∞—Å–∏–±–æ ,0,0,0,1,1,0
–≤—Å–µ —Ä–∞–±–æ—Ç–∞–µ—Ç –∫–∞–∫ –Ω–∞–¥–æ! —Å–ø–∞—Å–∏–±–æ!,0,0,0,0,1,0
–í—Å–µ –±—ã—Å—Ç—Ä–æ –∏ —á–µ—Ç–∫–æ!!! –°–ø–∞—Å–∏–±–æ!,1,0,0,0,0,0
–ë—ã—Å—Ç—Ä–æ —Å—Ä–µ–∞–≥–∏—Ä–æ–≤–∞–ª–∏ –∏ —Ä–µ—à–∏–ª–∏ –ø—Ä–æ–±–ª–µ–º—É. –°–ø–∞—Å–∏–±–æ!,1,0,0,0,0,0
—Å–ø–∞—Å–∏–±–æ –æ–≥—Ä–æ–º–Ω–æ–µ.—É –Ω–∞—Å –≤ —Å–∞–º–æ–ª—ë—Ç–µ –ø–µ—Ä–≤–æ–∫–ª–∞—Å—Å–Ω—ã–µ —Å–ø–µ—Ü–∏–∞–ª–∏—Å—Ç—ã.üëç,0,0,0,0,1,0
–æ—Ç–ª–∏—á–Ω—ã–π –∞–∫–∫—É—Ä–∞—Ç–Ω—ã–π —Å–ø–µ—Ü–∏–∞–ª–∏—Å—Ç.,0,0,1,0,0,0
–æ–ø–µ—Ä–∞—Ç–∏–≤–Ω–æ –æ—Ç—Ä–µ–∞–≥–∏—Ä–æ–≤–∞–ª–∏ –±—ã—Å—Ç—Ä–æ —Å–¥–µ–ª–∞–ª–∏ —Å–ø–∞—Å–∏–±–æ,1,0,0,0,0,0
–ù–∞–¥–æ–ª–≥–æ –ª–∏(,0,0,0,0,0,0
–±–æ–ª—å—à–æ–µ —Å–ø–∞—Å–∏–±–æ,0,0,0,1,1,0
–∂–¥—É –æ—Ç–≤–µ—Ç–∞,0,0,0,0,0,0
"–ú–æ–ª–æ–¥—Ü—ã, –æ—á–µ–Ω—å –æ–ø–µ—Ä–∞—Ç–∏–≤–Ω–æ!!!!! –ü—Ä—è–º –º–∏–Ω—É—Å –æ–¥–Ω–∞ –≥–æ–ª–æ–≤–Ω–∞—è –±–æ–ª—å ",0,0,0,0,0,0
"—Å–ø–∞—Å–∏–±–æ, –≤–∏–∂—É —Å—á–µ—Ç—á–∏–∫–∏ –≤ –ø—Ä–∏–ª–æ–∂–µ–Ω–∏–∏",0,0,0,0,0,0
—Å–ø–∞—Å–∏–±–æ,0,0,0,1,1,0
–≤—Å–µ –æ–ø–µ—Ä–∞—Ç–∏–≤–Ω–æ —É—Å—Ç—Ä–∞–Ω–∏–ª–∏,1,0,0,0,1,0
–û—á–µ–Ω—å —Ä–∞–¥—É–µ—Ç —Ä–∞–±–æ—Ç–∞ –£–ö. –û–ø–µ—Ä–∞—Ç–∏–≤–Ω–æ! –°–ø–∞—Å–∏–±–æ!,0,0,0,0,0,0
–≤—Å—ë –æ—Ç–ª–∏—á–Ω–æ!,0,0,0,0,1,0
—Å–ø–∞—Å–∏–±–æ,0,0,0,1,1,0
–±–ª–∞–≥–æ–¥–∞—Ä—é –∑–∞ –æ–ø–µ—Ä–∞—Ç–∏–≤–Ω–æ–µ –ø—Ä–µ–¥–æ—Å—Ç–∞–≤–ª–µ–Ω–∏–µ –∏–Ω—Ñ–æ—Ä–º–∞—Ü–∏–∏!,1,0,0,0,0,0
–í—Å–µ –æ—á–µ–Ω—å –æ–ø–µ—Ä–∞—Ç–∏–≤–Ω–æ ,0,0,0,0,0,0
–°–ø–∞—Å–∏–±–æ –±–æ–ª—å—à–æ–µ –∑–∞ –æ–ø–µ—Ä–∞—Ç–∏–≤–Ω–æ–µ —Ä–µ—à–µ–Ω–∏–µ,1,0,0,0,1,0
"—Å–ø–∞—Å–∏–±–æ, —Ö–æ—Ä–æ—à–æ —É–±—Ä–∞–ª–∏!",0,0,0,0,1,0
–û—Ç–ª–∏—á–Ω–æ,0,0,0,0,1,0
"—Å–ø–∞—Å–∏–±–æ –∑–∞ –æ–ø–µ—Ä–∞—Ç–∏–≤–Ω–æ—Å—Ç—å, –∫–ª—é—á–∏ –ø–æ–ª—É—á–∏–ª–∞.",1,0,0,0,0,0
–ó–∞–º–µ—á–∞—Ç–µ–ª—å–Ω—ã–π –º–∞—Å—Ç–µ—Ä ,0,0,1,0,0,0
"–ø—Ä–æ—Ñ–µ—Å—Å–∏–æ–Ω–∞–ª—å–Ω–æ, –±—ã—Å—Ç—Ä–æ. –æ—á–µ–Ω—å –ø—Ä–∏—è—Ç–Ω—ã–π –º–∞—Å—Ç–µ—Ä",0,0,1,0,0,0
–∂–¥—ë–º –º–æ—Ä–æ–∑–Ω–æ–π –ø–æ–≥–æ–¥—ã —á—Ç–æ –±—ã –∑–∞–º–µ—Ä–∏—Ç—å —Ç–µ–ø–ª–æ–≤–∏–∑–æ—Ä–æ–º —Ç–µ–º–ø–µ—Ä–∞—Ç—É—Ä—É –Ω–∞ —Å—Ç–µ–Ω–µ.,0,0,0,0,0,0
—Å—É–ø–µ—Ä!,0,0,0,0,1,0
–±–ª–∞–≥–æ–¥–∞—Ä—é –∑–∞ –±—ã—Å—Ç—Ä—ã–π –æ—Ç–≤–µ—Ç,1,0,0,0,1,0
—Å–ø–∞—Å–∏–±–æ —ç–ª–µ–∫—Ç—Ä–∏–∫—É,0,0,0,0,0,0
—Å–ø–∞—Å–∏–±–æ –≤—Å—ë –±–∏—Å—Ç—Ä–æ —É—Å—Ç—Ä–∞–Ω–∏–ª–∏ ,0,0,0,0,1,0
–°–ø–∞—Å–∏–±–æ,0,0,0,1,1,0
–°—É–ø–µ—Ä!!!,0,0,0,0,1,0
–°–ø–∞—Å–∏–±–æ –±–æ–ª—å—à–æ–µ!,0,0,0,1,1,0
—Å–ø–∞—Å–∏–±–æ –±–æ–ª—å—à–æ–µ –∑–∞ —Ä–∞–∑—ä—è—Å–Ω–µ–Ω–∏—è –∏ –∑–∞ –æ–ø–µ—Ä–∞—Ç–∏–≤–Ω–æ—Å—Ç—å,1,0,0,0,0,0
–ø—Ä–æ–±–ª–µ–º–∞ –Ω–µ —É—Å—Ç—Ä–∞–Ω–µ–Ω–∞! –∑–∞–ø–∞—Ö –æ—Ç —Ç–µ—Ö. —à–∫–∞—Ñ–∞ –æ—Å—Ç–∞–ª—Å—è. —Å–µ–π—á–∞—Å –µ—â—ë —Å–∏–ª—å–Ω–µ–µ —Å—Ç–∞–ª–æ –≤–æ–Ω—è—Ç—å,0,0,0,0,0,0
–±—ã—Å—Ç—Ä–æ —Å—Ä–µ–∞–≥–∏—Ä–æ–≤–∞–ª–∏! —Å–ø–∞—Å–∏–±–æ,1,0,0,0,0,0
–≤—á–µ—Ä–∞ –º–Ω–µ —Å–∫–∞–∑–∞–ª–∏ –Ω–µ—Å–∫–æ–ª—å–∫–æ –¥–∏—Å–ø–µ—Ç—á–µ—Ä–æ–≤ —á—Ç–æ –∑–∞—è–≤–∫–∏ –Ω–µ –±—ã–ª–æ –æ –ø—Ä–æ—Ç–µ—á–∫–µ —Å –º–æ–µ–≥–æ –∂–∫,0,0,0,0,0,1
"–ø—Ä–µ–∫—Ä–∞—Å–Ω—ã–π —Å–ø–µ—Ü–∏–∞–ª–∏—Å—Ç, —Å–ø–∞—Å–∏–±–æ!",0,0,0,0,0,0
"–≤—Å–µ —Å—É–ø–µ—Ä ,—Å–ø–∞—Å–∏–±–æ -))))",0,0,0,0,1,0
"–ø–æ —Å–æ—Å—Ç–æ—è–Ω–∏—é –Ω–∞ 18:12, 28.01 –æ–±–∞ –ª–∏—Ñ—Ç–∞ —Ä–∞–±–æ—Ç–∞—é—Ç, —Å–ø–∞—Å–∏–±–æ !!!!!!!!!!",0,0,0,0,0,0
–•–æ—Ä–æ—à–∏–π –º–∞—Å—Ç–µ—Ä,0,0,1,0,0,0
–í—Å–µ –±—ã–ª–æ —Å–¥–µ–ª–∞–Ω–æ –±—ã—Å—Ç—Ä–æ –∏ –∫–∞—á–µ—Å—Ç–≤–µ–Ω–Ω–æ.,0,0,0,0,0,0
"–æ–ª—å–≥–∞, –∫–æ–≥–¥–∞ –ø–∞—Ä–∫–æ–≤–∫—É –¥–æ—Å—Ç—Ä–æ—è—Ç?",0,0,0,0,0,0
–≤—Å–µ –±—ã—Å—Ç—Ä–æ —Å–¥–µ–ª–∞–ª–∏,1,0,0,0,0,0
–ë–æ–ª—å—à–æ–µ —Å–ø–∞—Å–∏–±–æ –í–∞—Å–∏–ª–∏—é –∑–∞ –ø—Ä–æ–¥–µ–ª–∞–Ω–Ω—É—é —Ä–∞–±–æ—Ç—É!,0,0,0,0,0,0
–≤—Å–µ –æ–∫,0,0,0,0,1,0
—Å–ø–∞—Å–∏–±–æ,0,0,0,1,1,0
–ë—ã—Å—Ç—Ä–æ –∏ —á–µ—Ç–∫–æ!!!,1,0,0,0,0,0
"—Ä–∞–±–æ—Ç–∞ –≤—ã–ø–æ–ª–Ω–µ–Ω–∞ –±—ã—Å—Ç—Ä–æ, –ø—Ä–æ–±–ª–µ–º–∞ —Ä–µ—à–µ–Ω–∞",0,0,0,0,0,0
–ê–ª–µ–∫—Å–µ–π –ø—Ä–æ—Ñ–µ—Å—Å–∏–æ–Ω–∞–ª –≤ —Å–≤–æ–µ–º –¥–µ–ª–µ! –ë—ã—Å—Ç—Ä–æ –Ω–∞—à–µ–ª –ø—Ä–æ–±–ª–µ–º—É –∏ —É—Å—Ç—Ä–∞–Ω–∏–ª –µ–µ. –û–≥—Ä–æ–º–Ω–æ–µ –µ–º—É —Å–ø–∞—Å–∏–±–æ!,0,0,0,0,0,0
—Å–ø–∞—Å–∏–±–æ,0,0,0,1,1,0
—Å–ø–∞—Å–∏–±–æ –±–æ–ª—å—à–æ–µ,0,0,0,1,1,0
—Å–∞–Ω—Ç–µ—Ö–Ω–∏–∫ –∞–Ω–¥—Ä–µ–π –∫–∞—á–µ—Å—Ç–≤–µ–Ω–Ω–æ –≤—ã–ø–æ–ª–Ω–∏–ª —Å–≤–æ—é —Ä–∞–±–æ—Ç—É.,0,0,1,0,0,0
–°—É–ø–µ—Ä! –°–ø–∞—Å–∏–±–æ –±–æ–ª—å—à–æ–µ!,0,0,0,1,1,0
